Platform,Date,Total_Posts,7Day_Moving_Avg,30Day_Moving_Avg
Weibo,2024-08-01,141,141.0,141.0
Weibo,2024-08-02,161,151.0,151.0
Weibo,2024-08-03,87,129.66666666666666,129.66666666666666
Weibo,2024-08-04,81,117.5,117.5
Weibo,2024-08-05,112,116.4,116.4
Weibo,2024-08-06,140,120.33333333333333,120.33333333333333
Weibo,2024-08-07,184,129.42857142857142,129.42857142857142
Weibo,2024-08-08,163,132.57142857142858,133.625
Weibo,2024-08-09,163,132.85714285714286,136.88888888888889
Weibo,2024-08-10,116,137.0,134.8
Weibo,2024-08-11,73,135.85714285714286,129.1818181818182
Weibo,2024-08-12,131,138.57142857142858,129.33333333333334
Weibo,2024-08-13,181,144.42857142857142,133.30769230769232
Weibo,2024-08-14,109,133.71428571428572,131.57142857142858
Weibo,2024-08-15,126,128.42857142857142,131.2
Weibo,2024-08-16,159,127.85714285714286,132.9375
Weibo,2024-08-17,77,122.28571428571429,129.64705882352942
Weibo,2024-08-18,46,118.42857142857143,125.0
Weibo,2024-08-19,125,117.57142857142857,125.0
Weibo,2024-08-20,124,109.42857142857143,124.95
Weibo,2024-08-21,166,117.57142857142857,126.9047619047619
Weibo,2024-08-22,174,124.42857142857143,129.04545454545453
Weibo,2024-08-23,160,124.57142857142857,130.3913043478261
Weibo,2024-08-24,86,125.85714285714286,128.54166666666666
Weibo,2024-08-25,86,131.57142857142858,126.84
Weibo,2024-08-26,132,132.57142857142858,127.03846153846153
Weibo,2024-08-27,206,144.28571428571428,129.96296296296296
Weibo,2024-08-28,136,140.0,130.17857142857142
Weibo,2024-08-29,176,140.28571428571428,131.75862068965517
Weibo,2024-08-30,332,164.85714285714286,138.43333333333334
Weibo,2024-08-31,142,172.85714285714286,138.46666666666667
Weibo,2024-09-01,100,174.85714285714286,136.43333333333334
Weibo,2024-09-02,130,174.57142857142858,137.86666666666667
Weibo,2024-09-03,94,158.57142857142858,138.3
Weibo,2024-09-04,104,154.0,138.03333333333333
Weibo,2024-09-05,170,153.14285714285714,139.03333333333333
Weibo,2024-09-06,138,125.42857142857143,137.5
Weibo,2024-09-07,72,115.42857142857143,134.46666666666667
Weibo,2024-09-08,78,112.28571428571429,131.63333333333333
Weibo,2024-09-09,132,112.57142857142857,132.16666666666666
Weibo,2024-09-10,152,120.85714285714286,134.8
Weibo,2024-09-11,130,124.57142857142857,134.76666666666668
Weibo,2024-09-12,160,123.14285714285714,134.06666666666666
Weibo,2024-09-13,166,127.14285714285714,135.96666666666667
Weibo,2024-09-14,172,141.42857142857142,137.5
Weibo,2024-09-15,96,144.0,135.4
Weibo,2024-09-16,70,135.14285714285714,135.16666666666666
Weibo,2024-09-17,130,132.0,137.96666666666667
Weibo,2024-09-18,38,118.85714285714286,135.06666666666666
Weibo,2024-09-19,144,116.57142857142857,135.73333333333332
Weibo,2024-09-20,242,127.42857142857143,138.26666666666668
Weibo,2024-09-21,90,115.71428571428571,135.46666666666667
Weibo,2024-09-22,90,114.85714285714286,133.13333333333333
Weibo,2024-09-23,124,122.57142857142857,134.4
Weibo,2024-09-24,148,125.14285714285714,136.46666666666667
Weibo,2024-09-25,168,143.71428571428572,137.66666666666666
Weibo,2024-09-26,180,148.85714285714286,136.8
Weibo,2024-09-27,204,143.42857142857142,139.06666666666666
Weibo,2024-09-28,98,144.57142857142858,136.46666666666667
Weibo,2024-09-29,162,154.85714285714286,130.8
Weibo,2024-09-30,186,163.71428571428572,132.26666666666668
Weibo,2024-10-01,152,164.28571428571428,134.0
Weibo,2024-10-02,120,157.42857142857142,133.66666666666666
Weibo,2024-10-03,86,144.0,133.4
Weibo,2024-10-04,84,126.85714285714286,132.73333333333332
Weibo,2024-10-05,66,122.28571428571429,129.26666666666668
Weibo,2024-10-06,48,106.0,126.26666666666667
Weibo,2024-10-07,62,88.28571428571429,125.93333333333334
Weibo,2024-10-08,106,81.71428571428571,126.86666666666666
Weibo,2024-10-09,122,82.0,126.53333333333333
Weibo,2024-10-10,150,91.14285714285714,126.46666666666667
Weibo,2024-10-11,172,103.71428571428571,127.86666666666666
Weibo,2024-10-12,142,114.57142857142857,127.26666666666667
Weibo,2024-10-13,60,116.28571428571429,123.73333333333333
Weibo,2024-10-14,110,123.14285714285714,121.66666666666667
Weibo,2024-10-15,228,140.57142857142858,126.06666666666666
Weibo,2024-10-16,164,146.57142857142858,129.2
Weibo,2024-10-17,168,149.14285714285714,130.46666666666667
Weibo,2024-10-18,224,156.57142857142858,136.66666666666666
Weibo,2024-10-19,114,152.57142857142858,135.66666666666666
Weibo,2024-10-20,106,159.14285714285714,131.13333333333333
Weibo,2024-10-21,156,165.71428571428572,133.33333333333334
Weibo,2024-10-22,156,155.42857142857142,135.53333333333333
Weibo,2024-10-23,280,172.0,140.73333333333332
Weibo,2024-10-24,170,172.28571428571428,141.46666666666667
Weibo,2024-10-25,144,160.85714285714286,140.66666666666666
Weibo,2024-10-26,138,164.28571428571428,139.26666666666668
Weibo,2024-10-27,44,155.42857142857142,133.93333333333334
Weibo,2024-10-28,128,151.42857142857142,134.93333333333334
Weibo,2024-10-29,142,149.42857142857142,134.26666666666668
Weibo,2024-10-30,152,131.14285714285714,133.13333333333333
Weibo,2024-10-31,162,130.0,133.46666666666667
Weibo,2024-11-01,146,130.28571428571428,134.33333333333334
Weibo,2024-11-02,116,127.14285714285714,135.33333333333334
Weibo,2024-11-03,58,129.14285714285714,134.46666666666667
Weibo,2024-11-04,122,128.28571428571428,136.33333333333334
Weibo,2024-11-05,126,126.0,138.93333333333334
Weibo,2024-11-06,158,126.85714285714286,142.13333333333333
Weibo,2024-11-07,220,135.14285714285714,145.93333333333334
Weibo,2024-11-08,174,139.14285714285714,147.66666666666666
Weibo,2024-11-09,96,136.28571428571428,145.86666666666667
Weibo,2024-11-10,60,136.57142857142858,142.13333333333333
Weibo,2024-11-11,148,140.28571428571428,142.33333333333334
Weibo,2024-11-12,156,144.57142857142858,145.53333333333333
Weibo,2024-11-13,144,142.57142857142858,146.66666666666666
Weibo,2024-11-14,214,141.71428571428572,146.2
Weibo,2024-11-15,352,167.14285714285714,152.46666666666667
Weibo,2024-11-16,176,178.57142857142858,152.73333333333332
Weibo,2024-11-17,108,185.42857142857142,148.86666666666667
Weibo,2024-11-18,156,186.57142857142858,150.26666666666668
Weibo,2024-11-19,126,182.28571428571428,150.93333333333334
Weibo,2024-11-20,136,181.14285714285714,150.26666666666668
Weibo,2024-11-21,116,167.14285714285714,148.93333333333334
Weibo,2024-11-22,150,138.28571428571428,144.6
Weibo,2024-11-23,80,124.57142857142857,141.6
Weibo,2024-11-24,34,114.0,137.93333333333334
Weibo,2024-11-25,150,113.14285714285714,138.33333333333334
Weibo,2024-11-26,154,117.14285714285714,142.0
Weibo,2024-11-27,148,118.85714285714286,142.66666666666666
Weibo,2024-11-28,176,127.42857142857143,143.8
Weibo,2024-11-29,192,133.42857142857142,145.13333333333333
Weibo,2024-11-30,138,141.71428571428572,144.33333333333334
Weibo,2024-12-01,110,152.57142857142858,143.13333333333333
Weibo,2024-12-02,180,156.85714285714286,145.26666666666668
Weibo,2024-12-03,168,158.85714285714286,148.93333333333334
Weibo,2024-12-04,132,156.57142857142858,149.26666666666668
Weibo,2024-12-05,158,154.0,150.33333333333334
Weibo,2024-12-06,176,151.71428571428572,150.93333333333334
Weibo,2024-12-07,98,146.0,146.86666666666667
Weibo,2024-12-08,78,141.42857142857142,143.66666666666666
Weibo,2024-12-09,124,133.42857142857142,144.6
Weibo,2024-12-10,130,128.0,146.93333333333334
Weibo,2024-12-11,134,128.28571428571428,146.46666666666667
Weibo,2024-12-12,140,125.71428571428571,145.93333333333334
Weibo,2024-12-13,74,111.14285714285714,143.6
Weibo,2024-12-14,110,112.85714285714286,140.13333333333333
Weibo,2024-12-15,62,110.57142857142857,130.46666666666667
Weibo,2024-12-16,138,112.57142857142857,129.2
Weibo,2024-12-17,140,114.0,130.26666666666668
Weibo,2024-12-18,136,114.28571428571429,129.6
Weibo,2024-12-19,130,112.85714285714286,129.73333333333332
Weibo,2024-12-20,154,124.28571428571429,130.33333333333334
Weibo,2024-12-21,152,130.28571428571428,131.53333333333333
Weibo,2024-12-22,100,135.71428571428572,129.86666666666667
Weibo,2024-12-23,186,142.57142857142858,133.4
Weibo,2024-12-24,162,145.71428571428572,137.66666666666666
Weibo,2024-12-25,192,153.71428571428572,139.06666666666666
Weibo,2024-12-26,162,158.28571428571428,139.33333333333334
Weibo,2024-12-27,238,170.28571428571428,142.33333333333334
Weibo,2024-12-28,110,164.28571428571428,140.13333333333333
Weibo,2024-12-29,78,161.14285714285714,136.33333333333334
Weibo,2024-12-30,152,156.28571428571428,136.8
Weibo,2024-12-31,216,164.0,140.33333333333334
Weibo,2025-01-01,172,161.14285714285714,140.06666666666666
Weibo,2025-01-02,178,163.42857142857142,140.4
Weibo,2025-01-03,153,151.28571428571428,141.1
Weibo,2025-01-04,81,147.14285714285714,138.53333333333333
Weibo,2025-01-05,77,147.0,135.23333333333332
Weibo,2025-01-06,141,145.42857142857142,136.66666666666666
Weibo,2025-01-07,183,140.71428571428572,140.16666666666666
Weibo,2025-01-08,196,144.14285714285714,142.56666666666666
Weibo,2025-01-09,175,143.71428571428572,144.06666666666666
Weibo,2025-01-10,164,145.28571428571428,145.06666666666666
Weibo,2025-01-11,89,146.42857142857142,143.36666666666667
Weibo,2025-01-12,73,145.85714285714286,143.33333333333334
Weibo,2025-01-13,115,142.14285714285714,143.5
Weibo,2025-01-14,131,134.71428571428572,145.8
Weibo,2025-01-15,153,128.57142857142858,146.3
Weibo,2025-01-16,131,122.28571428571429,146.0
Weibo,2025-01-17,134,118.0,145.93333333333334
Weibo,2025-01-18,87,117.71428571428571,144.5
Weibo,2025-01-19,44,113.57142857142857,140.83333333333334
Weibo,2025-01-20,147,118.14285714285714,140.66666666666666
Weibo,2025-01-21,146,120.28571428571429,142.2
Weibo,2025-01-22,174,123.28571428571429,141.8
Weibo,2025-01-23,183,130.71428571428572,142.5
Weibo,2025-01-24,162,134.71428571428572,141.5
Weibo,2025-01-25,134,141.42857142857142,140.56666666666666
Weibo,2025-01-26,125,153.0,136.8
Weibo,2025-01-27,156,154.28571428571428,138.33333333333334
Weibo,2025-01-28,134,152.57142857142858,140.2
Weibo,2025-01-29,141,147.85714285714286,139.83333333333334
Weibo,2025-01-30,70,131.71428571428572,134.96666666666667
Weibo,2025-01-31,63,117.57142857142857,131.33333333333334
Weibo,2025-02-01,65,107.71428571428571,127.56666666666666
Weibo,2025-02-02,74,100.42857142857143,124.93333333333334
Weibo,2025-02-03,71,88.28571428571429,124.6
Weibo,2025-02-04,66,78.57142857142857,124.23333333333333
Weibo,2025-02-05,110,74.14285714285714,123.2
Weibo,2025-02-06,76,75.0,119.63333333333334
Weibo,2025-02-07,86,78.28571428571429,115.96666666666667
Weibo,2025-02-08,102,83.57142857142857,113.53333333333333
Weibo,2025-02-09,74,83.57142857142857,110.53333333333333
Weibo,2025-02-10,138,93.14285714285714,112.16666666666667
Weibo,2025-02-11,131,102.42857142857143,114.1
Weibo,2025-02-12,147,107.71428571428571,115.16666666666667
Weibo,2025-02-13,119,113.85714285714286,114.76666666666667
Weibo,2025-02-14,182,127.57142857142857,115.73333333333333
Weibo,2025-02-15,25,116.57142857142857,112.2
Weibo,2025-02-16,23,109.28571428571429,108.5
Weibo,2025-02-17,97,103.42857142857143,108.83333333333333
Weibo,2025-02-18,133,103.71428571428571,111.8
Weibo,2025-02-19,109,98.28571428571429,110.53333333333333
Weibo,2025-02-20,129,99.71428571428571,109.96666666666667
Weibo,2025-02-21,167,97.57142857142857,109.73333333333333
Weibo,2025-02-22,91,107.0,106.66666666666667
Weibo,2025-02-23,37,109.0,102.5
Weibo,2025-02-24,112,111.14285714285714,101.76666666666667
Weibo,2025-02-25,115,108.57142857142857,101.43333333333334
Weibo,2025-02-26,141,113.14285714285714,100.93333333333334
Weibo,2025-02-27,182,120.71428571428571,102.53333333333333
Weibo,2025-02-28,211,127.0,104.86666666666666
Weibo,2025-03-01,194,141.71428571428572,109.0
Weibo,2025-03-02,70,146.42857142857142,109.23333333333333
Weibo,2025-03-03,176,155.57142857142858,112.93333333333334
Weibo,2025-03-04,122,156.57142857142858,114.53333333333333
Weibo,2025-03-05,155,158.57142857142858,117.33333333333333
Weibo,2025-03-06,163,155.85714285714286,120.56666666666666
Weibo,2025-03-07,185,152.14285714285714,123.06666666666666
Weibo,2025-03-08,161,147.42857142857142,125.9
Weibo,2025-03-09,83,149.28571428571428,125.8
Weibo,2025-03-10,148,145.28571428571428,127.33333333333333
Weibo,2025-03-11,178,153.28571428571428,130.8
Weibo,2025-03-12,190,158.28571428571428,132.53333333333333
Weibo,2025-03-13,213,165.42857142857142,135.26666666666668
Weibo,2025-03-14,159,161.71428571428572,135.66666666666666
Weibo,2025-03-15,47,145.42857142857142,133.26666666666668
Weibo,2025-03-16,73,144.0,129.63333333333333
Weibo,2025-03-17,168,146.85714285714286,134.4
Weibo,2025-03-18,187,148.14285714285714,139.86666666666667
Weibo,2025-03-19,165,144.57142857142858,142.13333333333333
Weibo,2025-03-20,207,143.71428571428572,144.6
Weibo,2025-03-21,188,147.85714285714286,147.23333333333332
Weibo,2025-03-22,102,155.71428571428572,146.33333333333334
Weibo,2025-03-23,76,156.14285714285714,143.3
Weibo,2025-03-24,144,152.71428571428572,145.06666666666666
Weibo,2025-03-25,143,146.42857142857142,148.6
Weibo,2025-03-26,158,145.42857142857142,150.13333333333333
Weibo,2025-03-27,166,139.57142857142858,151.83333333333334
Weibo,2025-03-28,199,141.14285714285714,153.76666666666668
Weibo,2025-03-29,116,143.14285714285714,151.56666666666666
Weibo,2025-03-30,71,142.42857142857142,146.9
Weibo,2025-03-31,163,145.14285714285714,145.86666666666667
Weibo,2025-04-01,163,148.0,148.96666666666667
Weibo,2025-04-02,147,146.42857142857142,148.0
Weibo,2025-04-03,168,146.71428571428572,149.53333333333333
Weibo,2025-04-04,64,127.42857142857143,146.5
Weibo,2025-04-05,35,115.85714285714286,142.23333333333332
Weibo,2025-04-06,34,110.57142857142857,137.2
Weibo,2025-04-07,99,101.42857142857143,135.13333333333333
Weibo,2025-04-08,143,98.57142857142857,137.13333333333333
Weibo,2025-04-09,152,99.28571428571429,137.26666666666668
Weibo,2025-04-10,125,93.14285714285714,135.5
Weibo,2025-04-11,152,105.71428571428571,134.23333333333332
Weibo,2025-04-12,64,109.85714285714286,129.26666666666668
Weibo,2025-04-13,63,114.0,126.06666666666666
Weibo,2025-04-14,135,119.14285714285714,129.0
Weibo,2025-04-15,258,135.57142857142858,135.16666666666666
Weibo,2025-04-16,198,142.14285714285714,136.16666666666666
Weibo,2025-04-17,182,150.28571428571428,136.0
Weibo,2025-04-18,264,166.28571428571428,139.3
Weibo,2025-04-19,220,188.57142857142858,139.73333333333332
Weibo,2025-04-20,151,201.14285714285714,138.5
Weibo,2025-04-21,251,217.71428571428572,143.46666666666667
Weibo,2025-04-22,281,221.0,150.3
Weibo,2025-04-23,460,258.42857142857144,160.83333333333334
Weibo,2025-04-24,303,275.7142857142857,166.16666666666666
Weibo,2025-04-25,314,282.85714285714283,171.36666666666667
Weibo,2025-04-26,156,273.7142857142857,171.03333333333333
Weibo,2025-04-27,195,280.0,170.9
Weibo,2025-04-28,206,273.57142857142856,173.9
Weibo,2025-04-29,196,261.42857142857144,178.06666666666666
Weibo,2025-04-30,254,232.0,181.1
Weibo,2025-05-01,164,212.14285714285714,181.13333333333333
Weibo,2025-05-02,104,182.14285714285714,179.7
Weibo,2025-05-03,102,174.42857142857142,177.5
Weibo,2025-05-04,166,170.28571428571428,180.9
Weibo,2025-05-05,79,152.14285714285714,182.36666666666667
Weibo,2025-05-06,124,141.85714285714286,185.36666666666667
Weibo,2025-05-07,137,125.14285714285714,186.63333333333333
Weibo,2025-05-08,146,122.57142857142857,186.73333333333332
Weibo,2025-05-09,154,129.71428571428572,186.8
Weibo,2025-05-10,106,130.28571428571428,186.16666666666666
Weibo,2025-05-11,191,133.85714285714286,187.46666666666667
Weibo,2025-05-12,89,135.28571428571428,188.3
Weibo,2025-05-13,198,145.85714285714286,192.8
Weibo,2025-05-14,154,148.28571428571428,193.43333333333334
Weibo,2025-05-15,158,150.0,190.1
Weibo,2025-05-16,194,155.71428571428572,189.96666666666667
Weibo,2025-05-17,68,150.28571428571428,186.16666666666666
Weibo,2025-05-18,64,132.14285714285714,179.5
Weibo,2025-05-19,175,144.42857142857142,178.0
Weibo,2025-05-20,264,153.85714285714286,181.76666666666668
Weibo,2025-05-21,194,159.57142857142858,179.86666666666667
Weibo,2025-05-22,182,163.0,176.56666666666666
Weibo,2025-05-23,229,168.0,168.86666666666667
Weibo,2025-05-24,115,174.71428571428572,162.6
Weibo,2025-05-25,108,181.0,155.73333333333332
Weibo,2025-05-26,177,181.28571428571428,156.43333333333334
Weibo,2025-05-27,204,172.71428571428572,156.73333333333332
Weibo,2025-05-28,198,173.28571428571428,156.46666666666667
Weibo,2025-05-29,187,174.0,156.16666666666666
Weibo,2025-05-30,191,168.57142857142858,154.06666666666666
Weibo,2025-05-31,173,176.85714285714286,154.36666666666667
Weibo,2025-06-01,220,192.85714285714286,158.23333333333332
Weibo,2025-06-02,133,186.57142857142858,159.26666666666668
Weibo,2025-06-03,207,187.0,160.63333333333333
Weibo,2025-06-04,116,175.28571428571428,161.86666666666667
Weibo,2025-06-05,201,177.28571428571428,164.43333333333334
Weibo,2025-06-06,178,175.42857142857142,165.8
Weibo,2025-06-07,112,166.71428571428572,164.66666666666666
Weibo,2025-06-08,79,146.57142857142858,162.16666666666666
Weibo,2025-06-09,124,145.28571428571428,162.76666666666668
Weibo,2025-06-10,148,136.85714285714286,161.33333333333334
Weibo,2025-06-11,190,147.42857142857142,164.7
Weibo,2025-06-12,162,141.85714285714286,163.5
Weibo,2025-06-13,153,138.28571428571428,163.46666666666667
Weibo,2025-06-14,101,136.71428571428572,161.56666666666666
Weibo,2025-06-15,108,140.85714285714286,158.7
Weibo,2025-06-16,135,142.42857142857142,160.93333333333334
Weibo,2025-06-17,148,142.42857142857142,163.73333333333332
Weibo,2025-06-18,126,133.28571428571428,162.1
Weibo,2025-06-19,119,127.14285714285714,157.26666666666668
Weibo,2025-06-20,165,128.85714285714286,156.3
Weibo,2025-06-21,112,130.42857142857142,153.96666666666667
Weibo,2025-06-22,64,124.14285714285714,148.46666666666667
Weibo,2025-06-23,129,123.28571428571429,148.93333333333334
Weibo,2025-06-24,163,125.42857142857143,150.76666666666668
Weibo,2025-06-25,164,130.85714285714286,150.33333333333334
Weibo,2025-06-26,174,138.71428571428572,149.33333333333334
Weibo,2025-06-27,158,137.71428571428572,148.0
Weibo,2025-06-28,78,132.85714285714286,144.36666666666667
Weibo,2025-06-29,56,131.71428571428572,139.86666666666667
Weibo,2025-06-30,118,130.14285714285714,138.03333333333333
Weibo,2025-07-01,123,124.42857142857143,134.8
Weibo,2025-07-02,160,123.85714285714286,135.7
Weibo,2025-07-03,171,123.42857142857143,134.5
Weibo,2025-07-04,178,126.28571428571429,136.56666666666666
Weibo,2025-07-05,84,127.14285714285714,132.66666666666666
Weibo,2025-07-06,74,129.71428571428572,129.2
Weibo,2025-07-07,78,124.0,128.06666666666666
Weibo,2025-07-08,185,132.85714285714286,131.6
Weibo,2025-07-09,221,141.57142857142858,134.83333333333334
Weibo,2025-07-10,201,145.85714285714286,136.6
Weibo,2025-07-11,188,147.28571428571428,136.53333333333333
Weibo,2025-07-12,87,147.71428571428572,134.03333333333333
Weibo,2025-07-13,60,145.71428571428572,130.93333333333334
Weibo,2025-07-14,171,159.0,133.26666666666668
Weibo,2025-07-15,140,152.57142857142858,134.33333333333334
Weibo,2025-07-16,170,145.28571428571428,135.5
Weibo,2025-07-17,162,139.71428571428572,135.96666666666667
Weibo,2025-07-18,195,140.71428571428572,138.26666666666668
Weibo,2025-07-19,100,142.57142857142858,137.63333333333333
Weibo,2025-07-20,83,145.85714285714286,134.9
Weibo,2025-07-21,134,140.57142857142858,135.63333333333333
Weibo,2025-07-22,163,143.85714285714286,138.93333333333334
Weibo,2025-07-23,155,141.71428571428572,139.8
Weibo,2025-07-24,142,138.85714285714286,139.1
Weibo,2025-07-25,173,135.71428571428572,139.4
Weibo,2025-07-26,118,138.28571428571428,137.53333333333333
Weibo,2025-07-27,62,135.28571428571428,134.33333333333334
Weibo,2025-07-28,150,137.57142857142858,136.73333333333332
Weibo,2025-07-29,192,141.71428571428572,141.26666666666668
Weibo,2025-07-30,256,156.14285714285714,145.86666666666667
Weibo,2025-07-31,153,157.71428571428572,146.86666666666667
X_Platform,2024-08-01,9,9.0,9.0
X_Platform,2024-08-02,12,10.5,10.5
X_Platform,2024-08-03,5,8.666666666666666,8.666666666666666
X_Platform,2024-08-04,3,7.25,7.25
X_Platform,2024-08-05,10,7.8,7.8
X_Platform,2024-08-06,11,8.333333333333334,8.333333333333334
X_Platform,2024-08-07,15,9.285714285714286,9.285714285714286
X_Platform,2024-08-08,15,10.142857142857142,10.0
X_Platform,2024-08-09,9,9.714285714285714,9.88888888888889
X_Platform,2024-08-10,2,9.285714285714286,9.1
X_Platform,2024-08-11,2,9.142857142857142,8.454545454545455
X_Platform,2024-08-12,13,9.571428571428571,8.833333333333334
X_Platform,2024-08-13,9,9.285714285714286,8.846153846153847
X_Platform,2024-08-14,13,9.0,9.142857142857142
X_Platform,2024-08-15,11,8.428571428571429,9.266666666666667
X_Platform,2024-08-16,15,9.285714285714286,9.625
X_Platform,2024-08-17,10,10.428571428571429,9.647058823529411
X_Platform,2024-08-18,12,11.857142857142858,9.777777777777779
X_Platform,2024-08-19,13,11.857142857142858,9.947368421052632
X_Platform,2024-08-20,9,11.857142857142858,9.9
X_Platform,2024-08-21,10,11.428571428571429,9.904761904761905
X_Platform,2024-08-22,10,11.285714285714286,9.909090909090908
X_Platform,2024-08-23,14,11.142857142857142,10.08695652173913
X_Platform,2024-08-24,7,10.714285714285714,9.958333333333334
X_Platform,2024-08-25,8,10.142857142857142,9.88
X_Platform,2024-08-26,14,10.285714285714286,10.038461538461538
X_Platform,2024-08-27,11,10.571428571428571,10.074074074074074
X_Platform,2024-08-28,12,10.857142857142858,10.142857142857142
X_Platform,2024-08-29,14,11.428571428571429,10.275862068965518
X_Platform,2024-08-30,9,10.714285714285714,10.233333333333333
X_Platform,2024-08-31,7,10.714285714285714,10.166666666666666
X_Platform,2024-09-01,8,10.714285714285714,10.033333333333333
X_Platform,2024-09-02,12,10.428571428571429,10.266666666666667
X_Platform,2024-09-03,18,11.428571428571429,10.766666666666667
X_Platform,2024-09-04,21,12.714285714285714,11.133333333333333
X_Platform,2024-09-05,14,12.714285714285714,11.233333333333333
X_Platform,2024-09-06,17,13.857142857142858,11.3
X_Platform,2024-09-07,3,13.285714285714286,10.9
X_Platform,2024-09-08,6,13.0,10.8
X_Platform,2024-09-09,13,13.142857142857142,11.166666666666666
X_Platform,2024-09-10,12,12.285714285714286,11.5
X_Platform,2024-09-11,9,10.571428571428571,11.366666666666667
X_Platform,2024-09-12,10,10.0,11.4
X_Platform,2024-09-13,8,8.714285714285714,11.233333333333333
X_Platform,2024-09-14,5,9.0,11.033333333333333
X_Platform,2024-09-15,12,9.857142857142858,10.933333333333334
X_Platform,2024-09-16,13,9.857142857142858,11.033333333333333
X_Platform,2024-09-17,12,9.857142857142858,11.033333333333333
X_Platform,2024-09-18,18,11.142857142857142,11.2
X_Platform,2024-09-19,9,11.0,11.2
X_Platform,2024-09-20,10,11.285714285714286,11.2
X_Platform,2024-09-21,4,11.142857142857142,11.0
X_Platform,2024-09-22,12,11.142857142857142,10.933333333333334
X_Platform,2024-09-23,12,11.0,11.1
X_Platform,2024-09-24,10,10.714285714285714,11.166666666666666
X_Platform,2024-09-25,12,9.857142857142858,11.1
X_Platform,2024-09-26,12,10.285714285714286,11.133333333333333
X_Platform,2024-09-27,12,10.571428571428571,11.133333333333333
X_Platform,2024-09-28,3,10.428571428571429,10.766666666666667
X_Platform,2024-09-29,4,9.285714285714286,10.6
X_Platform,2024-09-30,13,9.428571428571429,10.8
X_Platform,2024-10-01,11,9.571428571428571,10.9
X_Platform,2024-10-02,11,9.428571428571429,10.866666666666667
X_Platform,2024-10-03,9,9.0,10.566666666666666
X_Platform,2024-10-04,14,9.285714285714286,10.333333333333334
X_Platform,2024-10-05,4,9.428571428571429,10.0
X_Platform,2024-10-06,6,9.714285714285714,9.633333333333333
X_Platform,2024-10-07,18,10.428571428571429,10.133333333333333
X_Platform,2024-10-08,16,11.142857142857142,10.466666666666667
X_Platform,2024-10-09,8,10.714285714285714,10.3
X_Platform,2024-10-10,14,11.428571428571429,10.366666666666667
X_Platform,2024-10-11,30,13.714285714285714,11.066666666666666
X_Platform,2024-10-12,2,13.428571428571429,10.8
X_Platform,2024-10-13,9,13.857142857142858,10.833333333333334
X_Platform,2024-10-14,12,13.0,11.066666666666666
X_Platform,2024-10-15,19,13.428571428571429,11.3
X_Platform,2024-10-16,16,14.571428571428571,11.4
X_Platform,2024-10-17,19,15.285714285714286,11.633333333333333
X_Platform,2024-10-18,26,14.714285714285714,11.9
X_Platform,2024-10-19,5,15.142857142857142,11.766666666666667
X_Platform,2024-10-20,14,15.857142857142858,11.9
X_Platform,2024-10-21,13,16.0,12.2
X_Platform,2024-10-22,15,15.428571428571429,12.3
X_Platform,2024-10-23,21,16.142857142857142,12.6
X_Platform,2024-10-24,14,15.428571428571429,12.733333333333333
X_Platform,2024-10-25,11,13.285714285714286,12.7
X_Platform,2024-10-26,9,13.857142857142858,12.6
X_Platform,2024-10-27,9,13.142857142857142,12.5
X_Platform,2024-10-28,14,13.285714285714286,12.866666666666667
X_Platform,2024-10-29,18,13.714285714285714,13.333333333333334
X_Platform,2024-10-30,14,12.714285714285714,13.366666666666667
X_Platform,2024-10-31,16,13.0,13.533333333333333
X_Platform,2024-11-01,14,13.428571428571429,13.633333333333333
X_Platform,2024-11-02,13,14.0,13.766666666666667
X_Platform,2024-11-03,14,14.714285714285714,13.766666666666667
X_Platform,2024-11-04,13,14.571428571428571,14.066666666666666
X_Platform,2024-11-05,12,13.714285714285714,14.266666666666667
X_Platform,2024-11-06,10,13.142857142857142,14.0
X_Platform,2024-11-07,13,12.714285714285714,13.9
X_Platform,2024-11-08,12,12.428571428571429,14.033333333333333
X_Platform,2024-11-09,4,11.142857142857142,13.7
X_Platform,2024-11-10,7,10.142857142857142,12.933333333333334
X_Platform,2024-11-11,14,10.285714285714286,13.333333333333334
X_Platform,2024-11-12,14,10.571428571428571,13.5
X_Platform,2024-11-13,12,10.857142857142858,13.5
X_Platform,2024-11-14,11,10.571428571428571,13.233333333333333
X_Platform,2024-11-15,15,11.0,13.2
X_Platform,2024-11-16,8,11.571428571428571,12.833333333333334
X_Platform,2024-11-17,1,10.714285714285714,12.0
X_Platform,2024-11-18,14,10.714285714285714,12.3
X_Platform,2024-11-19,12,10.428571428571429,12.233333333333333
X_Platform,2024-11-20,15,10.857142857142858,12.3
X_Platform,2024-11-21,19,12.0,12.433333333333334
X_Platform,2024-11-22,15,12.0,12.233333333333333
X_Platform,2024-11-23,6,11.714285714285714,11.966666666666667
X_Platform,2024-11-24,13,13.428571428571429,12.033333333333333
X_Platform,2024-11-25,12,13.142857142857142,12.133333333333333
X_Platform,2024-11-26,11,13.0,12.2
X_Platform,2024-11-27,16,13.142857142857142,12.266666666666667
X_Platform,2024-11-28,9,11.714285714285714,11.966666666666667
X_Platform,2024-11-29,11,11.142857142857142,11.866666666666667
X_Platform,2024-11-30,4,10.857142857142858,11.466666666666667
X_Platform,2024-12-01,9,10.285714285714286,11.3
X_Platform,2024-12-02,10,10.0,11.2
X_Platform,2024-12-03,16,10.714285714285714,11.266666666666667
X_Platform,2024-12-04,21,11.428571428571429,11.533333333333333
X_Platform,2024-12-05,10,11.571428571428571,11.466666666666667
X_Platform,2024-12-06,16,12.285714285714286,11.666666666666666
X_Platform,2024-12-07,7,12.714285714285714,11.466666666666667
X_Platform,2024-12-08,21,14.428571428571429,11.766666666666667
X_Platform,2024-12-09,13,14.857142857142858,12.066666666666666
X_Platform,2024-12-10,10,14.0,12.166666666666666
X_Platform,2024-12-11,14,13.0,12.166666666666666
X_Platform,2024-12-12,14,13.571428571428571,12.166666666666666
X_Platform,2024-12-13,13,13.142857142857142,12.2
X_Platform,2024-12-14,2,12.428571428571429,11.9
X_Platform,2024-12-15,4,10.0,11.533333333333333
X_Platform,2024-12-16,15,10.285714285714286,11.766666666666667
X_Platform,2024-12-17,12,10.571428571428571,12.133333333333333
X_Platform,2024-12-18,19,11.285714285714286,12.3
X_Platform,2024-12-19,17,11.714285714285714,12.466666666666667
X_Platform,2024-12-20,11,11.428571428571429,12.333333333333334
X_Platform,2024-12-21,7,12.142857142857142,11.933333333333334
X_Platform,2024-12-22,2,11.857142857142858,11.5
X_Platform,2024-12-23,10,11.142857142857142,11.633333333333333
X_Platform,2024-12-24,10,10.857142857142858,11.533333333333333
X_Platform,2024-12-25,7,9.142857142857142,11.366666666666667
X_Platform,2024-12-26,8,7.857142857142857,11.266666666666667
X_Platform,2024-12-27,10,7.714285714285714,11.066666666666666
X_Platform,2024-12-28,2,7.0,10.833333333333334
X_Platform,2024-12-29,2,7.0,10.533333333333333
X_Platform,2024-12-30,12,7.285714285714286,10.8
X_Platform,2024-12-31,11,7.428571428571429,10.866666666666667
X_Platform,2025-01-01,11,8.0,10.9
X_Platform,2025-01-02,12,8.571428571428571,10.766666666666667
X_Platform,2025-01-03,8,8.285714285714286,10.333333333333334
X_Platform,2025-01-04,3,8.428571428571429,10.1
X_Platform,2025-01-05,1,8.285714285714286,9.6
X_Platform,2025-01-06,13,8.428571428571429,9.8
X_Platform,2025-01-07,15,9.0,9.6
X_Platform,2025-01-08,16,9.714285714285714,9.7
X_Platform,2025-01-09,14,10.0,9.833333333333334
X_Platform,2025-01-10,9,10.142857142857142,9.666666666666666
X_Platform,2025-01-11,3,10.142857142857142,9.3
X_Platform,2025-01-12,6,10.857142857142858,9.066666666666666
X_Platform,2025-01-13,10,10.428571428571429,9.333333333333334
X_Platform,2025-01-14,13,10.142857142857142,9.633333333333333
X_Platform,2025-01-15,15,10.0,9.633333333333333
X_Platform,2025-01-16,12,9.714285714285714,9.633333333333333
X_Platform,2025-01-17,14,10.428571428571429,9.466666666666667
X_Platform,2025-01-18,3,10.428571428571429,9.0
X_Platform,2025-01-19,3,10.0,8.733333333333333
X_Platform,2025-01-20,5,9.285714285714286,8.666666666666666
X_Platform,2025-01-21,8,8.571428571428571,8.866666666666667
X_Platform,2025-01-22,8,7.571428571428571,8.8
X_Platform,2025-01-23,9,7.142857142857143,8.766666666666667
X_Platform,2025-01-24,9,6.428571428571429,8.833333333333334
X_Platform,2025-01-25,5,6.714285714285714,8.733333333333333
X_Platform,2025-01-26,7,7.285714285714286,8.633333333333333
X_Platform,2025-01-27,10,8.0,8.9
X_Platform,2025-01-28,5,7.571428571428571,9.0
X_Platform,2025-01-29,12,8.142857142857142,9.0
X_Platform,2025-01-30,6,7.714285714285714,8.833333333333334
X_Platform,2025-01-31,11,8.0,8.833333333333334
X_Platform,2025-02-01,3,7.714285714285714,8.533333333333333
X_Platform,2025-02-02,2,7.0,8.333333333333334
X_Platform,2025-02-03,7,6.571428571428571,8.466666666666667
X_Platform,2025-02-04,9,7.142857142857143,8.733333333333333
X_Platform,2025-02-05,8,6.571428571428571,8.566666666666666
X_Platform,2025-02-06,10,7.142857142857143,8.4
X_Platform,2025-02-07,11,7.142857142857143,8.233333333333333
X_Platform,2025-02-08,4,7.285714285714286,7.9
X_Platform,2025-02-09,2,7.285714285714286,7.666666666666667
X_Platform,2025-02-10,6,7.142857142857143,7.766666666666667
X_Platform,2025-02-11,5,6.571428571428571,7.733333333333333
X_Platform,2025-02-12,6,6.285714285714286,7.6
X_Platform,2025-02-13,6,5.714285714285714,7.366666666666666
X_Platform,2025-02-14,11,5.714285714285714,7.233333333333333
X_Platform,2025-02-15,6,6.0,7.033333333333333
X_Platform,2025-02-16,2,6.0,6.633333333333334
X_Platform,2025-02-17,4,5.714285714285714,6.666666666666667
X_Platform,2025-02-18,17,7.428571428571429,7.133333333333334
X_Platform,2025-02-19,8,7.714285714285714,7.233333333333333
X_Platform,2025-02-20,6,7.714285714285714,7.166666666666667
X_Platform,2025-02-21,7,7.142857142857143,7.133333333333334
X_Platform,2025-02-22,4,6.857142857142857,6.966666666666667
X_Platform,2025-02-23,4,7.142857142857143,6.8
X_Platform,2025-02-24,10,8.0,6.966666666666667
X_Platform,2025-02-25,13,7.428571428571429,7.166666666666667
X_Platform,2025-02-26,9,7.571428571428571,7.133333333333334
X_Platform,2025-02-27,10,8.142857142857142,7.3
X_Platform,2025-02-28,9,8.428571428571429,7.2
X_Platform,2025-03-01,6,8.714285714285714,7.2
X_Platform,2025-03-02,3,8.571428571428571,6.933333333333334
X_Platform,2025-03-03,14,9.142857142857142,7.3
X_Platform,2025-03-04,7,8.285714285714286,7.466666666666667
X_Platform,2025-03-05,11,8.571428571428571,7.6
X_Platform,2025-03-06,10,8.571428571428571,7.633333333333334
X_Platform,2025-03-07,11,8.857142857142858,7.733333333333333
X_Platform,2025-03-08,5,8.714285714285714,7.566666666666666
X_Platform,2025-03-09,3,8.714285714285714,7.3
X_Platform,2025-03-10,6,7.571428571428571,7.366666666666666
X_Platform,2025-03-11,8,7.714285714285714,7.566666666666666
X_Platform,2025-03-12,8,7.285714285714286,7.633333333333334
X_Platform,2025-03-13,6,6.714285714285714,7.666666666666667
X_Platform,2025-03-14,5,5.857142857142857,7.633333333333334
X_Platform,2025-03-15,6,6.0,7.633333333333334
X_Platform,2025-03-16,16,7.857142857142857,7.8
X_Platform,2025-03-17,5,7.714285714285714,7.766666666666667
X_Platform,2025-03-18,7,7.571428571428571,7.933333333333334
X_Platform,2025-03-19,13,8.285714285714286,8.233333333333333
X_Platform,2025-03-20,11,9.0,8.033333333333333
X_Platform,2025-03-21,11,9.857142857142858,8.133333333333333
X_Platform,2025-03-22,6,9.857142857142858,8.133333333333333
X_Platform,2025-03-23,12,9.285714285714286,8.3
X_Platform,2025-03-24,8,9.714285714285714,8.433333333333334
X_Platform,2025-03-25,9,10.0,8.6
X_Platform,2025-03-26,11,9.714285714285714,8.633333333333333
X_Platform,2025-03-27,7,9.142857142857142,8.433333333333334
X_Platform,2025-03-28,9,8.857142857142858,8.433333333333334
X_Platform,2025-03-29,5,8.714285714285714,8.266666666666667
X_Platform,2025-03-30,5,7.714285714285714,8.133333333333333
X_Platform,2025-03-31,10,8.0,8.266666666666667
X_Platform,2025-04-01,9,8.0,8.466666666666667
X_Platform,2025-04-02,7,7.428571428571429,8.233333333333333
X_Platform,2025-04-03,9,7.714285714285714,8.3
X_Platform,2025-04-04,8,7.571428571428571,8.2
X_Platform,2025-04-05,5,7.571428571428571,8.033333333333333
X_Platform,2025-04-06,2,7.142857142857143,7.733333333333333
X_Platform,2025-04-07,9,7.0,7.866666666666666
X_Platform,2025-04-08,10,7.142857142857143,8.1
X_Platform,2025-04-09,9,7.428571428571429,8.2
X_Platform,2025-04-10,14,8.142857142857142,8.4
X_Platform,2025-04-11,11,8.571428571428571,8.5
X_Platform,2025-04-12,8,9.0,8.566666666666666
X_Platform,2025-04-13,11,10.285714285714286,8.766666666666667
X_Platform,2025-04-14,7,10.0,8.8
X_Platform,2025-04-15,14,10.571428571428571,8.733333333333333
X_Platform,2025-04-16,14,11.285714285714286,9.033333333333333
X_Platform,2025-04-17,10,10.714285714285714,9.133333333333333
X_Platform,2025-04-18,12,10.857142857142858,9.1
X_Platform,2025-04-19,10,11.142857142857142,9.066666666666666
X_Platform,2025-04-20,14,11.571428571428571,9.166666666666666
X_Platform,2025-04-21,8,11.714285714285714,9.233333333333333
X_Platform,2025-04-22,10,11.142857142857142,9.166666666666666
X_Platform,2025-04-23,14,11.142857142857142,9.366666666666667
X_Platform,2025-04-24,13,11.571428571428571,9.5
X_Platform,2025-04-25,10,11.285714285714286,9.466666666666667
X_Platform,2025-04-26,7,10.857142857142858,9.466666666666667
X_Platform,2025-04-27,3,9.285714285714286,9.266666666666667
X_Platform,2025-04-28,11,9.714285714285714,9.466666666666667
X_Platform,2025-04-29,10,9.714285714285714,9.633333333333333
X_Platform,2025-04-30,13,9.571428571428571,9.733333333333333
X_Platform,2025-05-01,8,8.857142857142858,9.7
X_Platform,2025-05-02,7,8.428571428571429,9.7
X_Platform,2025-05-03,7,8.428571428571429,9.633333333333333
X_Platform,2025-05-04,13,9.857142857142858,9.8
X_Platform,2025-05-05,6,9.142857142857142,9.833333333333334
X_Platform,2025-05-06,12,9.428571428571429,10.166666666666666
X_Platform,2025-05-07,6,8.428571428571429,10.066666666666666
X_Platform,2025-05-08,9,8.571428571428571,10.033333333333333
X_Platform,2025-05-09,11,9.142857142857142,10.1
X_Platform,2025-05-10,7,9.142857142857142,9.866666666666667
X_Platform,2025-05-11,5,8.0,9.666666666666666
X_Platform,2025-05-12,7,8.142857142857142,9.633333333333333
X_Platform,2025-05-13,11,8.0,9.633333333333333
X_Platform,2025-05-14,11,8.714285714285714,9.766666666666667
X_Platform,2025-05-15,11,9.0,9.666666666666666
X_Platform,2025-05-16,12,9.142857142857142,9.6
X_Platform,2025-05-17,2,8.428571428571429,9.333333333333334
X_Platform,2025-05-18,12,9.428571428571429,9.333333333333334
X_Platform,2025-05-19,8,9.571428571428571,9.266666666666667
X_Platform,2025-05-20,9,9.285714285714286,9.1
X_Platform,2025-05-21,9,9.0,9.133333333333333
X_Platform,2025-05-22,14,9.428571428571429,9.266666666666667
X_Platform,2025-05-23,7,8.714285714285714,9.033333333333333
X_Platform,2025-05-24,6,9.285714285714286,8.8
X_Platform,2025-05-25,9,8.857142857142858,8.766666666666667
X_Platform,2025-05-26,5,8.428571428571429,8.7
X_Platform,2025-05-27,12,8.857142857142858,9.0
X_Platform,2025-05-28,10,9.0,8.966666666666667
X_Platform,2025-05-29,12,8.714285714285714,9.033333333333333
X_Platform,2025-05-30,11,9.285714285714286,8.966666666666667
X_Platform,2025-05-31,5,9.142857142857142,8.866666666666667
X_Platform,2025-06-01,9,9.142857142857142,8.933333333333334
X_Platform,2025-06-02,6,9.285714285714286,8.9
X_Platform,2025-06-03,4,8.142857142857142,8.6
X_Platform,2025-06-04,11,8.285714285714286,8.766666666666667
X_Platform,2025-06-05,8,7.714285714285714,8.633333333333333
X_Platform,2025-06-06,9,7.428571428571429,8.733333333333333
X_Platform,2025-06-07,3,7.142857142857143,8.533333333333333
X_Platform,2025-06-08,1,6.0,8.2
X_Platform,2025-06-09,6,6.0,8.166666666666666
X_Platform,2025-06-10,8,6.571428571428571,8.266666666666667
X_Platform,2025-06-11,12,6.714285714285714,8.433333333333334
X_Platform,2025-06-12,13,7.428571428571429,8.5
X_Platform,2025-06-13,9,7.428571428571429,8.433333333333334
X_Platform,2025-06-14,10,8.428571428571429,8.4
X_Platform,2025-06-15,17,10.714285714285714,8.566666666666666
X_Platform,2025-06-16,7,10.857142857142858,8.733333333333333
X_Platform,2025-06-17,10,11.142857142857142,8.666666666666666
X_Platform,2025-06-18,6,10.285714285714286,8.6
X_Platform,2025-06-19,7,9.428571428571429,8.533333333333333
X_Platform,2025-06-20,6,9.0,8.433333333333334
X_Platform,2025-06-21,2,7.857142857142857,8.033333333333333
X_Platform,2025-06-22,5,6.142857142857143,7.966666666666667
X_Platform,2025-06-23,13,7.0,8.2
X_Platform,2025-06-24,8,6.714285714285714,8.166666666666666
X_Platform,2025-06-25,6,6.714285714285714,8.2
X_Platform,2025-06-26,9,7.0,8.1
X_Platform,2025-06-27,11,7.714285714285714,8.133333333333333
X_Platform,2025-06-28,10,8.857142857142858,8.066666666666666
X_Platform,2025-06-29,10,9.571428571428571,8.033333333333333
X_Platform,2025-06-30,7,8.714285714285714,8.1
X_Platform,2025-07-01,6,8.428571428571429,8.0
X_Platform,2025-07-02,9,8.857142857142858,8.1
X_Platform,2025-07-03,4,8.142857142857142,8.1
X_Platform,2025-07-04,6,7.428571428571429,7.933333333333334
X_Platform,2025-07-05,7,7.0,7.9
X_Platform,2025-07-06,14,7.571428571428571,8.066666666666666
X_Platform,2025-07-07,7,7.571428571428571,8.2
X_Platform,2025-07-08,5,7.428571428571429,8.333333333333334
X_Platform,2025-07-09,4,6.714285714285714,8.266666666666667
X_Platform,2025-07-10,12,7.857142857142857,8.4
X_Platform,2025-07-11,14,9.0,8.466666666666667
X_Platform,2025-07-12,3,8.428571428571429,8.133333333333333
X_Platform,2025-07-13,4,7.0,7.966666666666667
X_Platform,2025-07-14,6,6.857142857142857,7.833333333333333
X_Platform,2025-07-15,9,7.428571428571429,7.566666666666666
X_Platform,2025-07-16,9,8.142857142857142,7.633333333333334
X_Platform,2025-07-17,4,7.0,7.433333333333334
X_Platform,2025-07-18,8,6.142857142857143,7.5
X_Platform,2025-07-19,1,5.857142857142857,7.3
X_Platform,2025-07-20,4,5.857142857142857,7.233333333333333
X_Platform,2025-07-21,8,6.142857142857143,7.433333333333334
X_Platform,2025-07-22,10,6.285714285714286,7.6
X_Platform,2025-07-23,13,6.857142857142857,7.6
X_Platform,2025-07-24,9,7.571428571428571,7.633333333333334
X_Platform,2025-07-25,9,7.714285714285714,7.733333333333333
X_Platform,2025-07-26,1,7.714285714285714,7.466666666666667
X_Platform,2025-07-27,16,9.428571428571429,7.633333333333334
X_Platform,2025-07-28,5,9.0,7.466666666666667
X_Platform,2025-07-29,10,9.0,7.466666666666667
X_Platform,2025-07-30,9,8.428571428571429,7.533333333333333
X_Platform,2025-07-31,5,7.857142857142857,7.5
X_Platform,2025-08-01,10,8.0,7.533333333333333
