content,created_at,likes,retweets,replies
"The all-new electric #CLA brings you far away from ordinary. FILE: LINK TO FULL PACKAGE Enjoy up to 792 km of range and charge up 325 km in just 10 minutes. It is the smartest #MercedesBenz ever: With its new AI-enhanced software on the new optional MBUS Superscreen, it marks",2025-07-02,0,0,0
"Following its world premiere in Shanghai, the Vision V has now embarked on its global Grand Tour - with the first stopover in Dubai. The Vision V is a highly elegant, chauffeur-driven limousine, with a special focus on the “Private Lounge” and ultimate comfort. It offers a",2025-06-11,0,0,0
Quiet enough to hear your own thoughts. julian.scheinkoenig (IG) for #MBcreator#MercedesBenz [Mercedes-Benz EQS 450 4MATIC | Combined energy consumption: 21.0–17.0 kWh/100 km | Combined CO₂ emissions: 0 g/km | CO₂ class: A],2025-06-03,0,0,0
This colour? Unforgettable. This car? Even more so. The Drive? Legendary. svenmeschner (IG) for #MBcreator#MercedesBenz#MercedesAMG [Mercedes-AMG GT 55 4MATIC+ | Combined energy consumption: 14.0 l/100 km | Combined CO₂ emissions: 319 g/km | CO₂ class: G],2025-05-22,0,0,0
"Our MBUX Voice Assistant can help you with just about anything, from what events are happening in your area, to where to eat afterwards. #BecauseItsMercedesBenz",2025-05-14,0,0,0
"Spring into comfort, literally. Winter’s finally over, and it’s time for plenty of sunlight, colours, and the scent of fresh flowers. And what better way to enjoy all this than with the CLE Cabriolet? Sporty, dynamic, and offering the comfort of lounging on your favourite",2025-03-27,0,0,0
"On course to set the standards for class-leading electric mobility: the all-new #CLA. Built electric-first and boasting features incorporated from the VISION EQXX concept car, it makes charging almost as easy and fast as refuelling. Also, its remarkable efficiency helps",2025-03-13,0,0,0
"Are you ready to level up with the Mercedes-AMG GT 63 PRO 4MATIC+? We surely are! The AMG 4.0-litre V8 biturbo engine in the 450 kW (612 hp) configuration ensures superior propulsion. It delivers 20 kW (27 hp) more than in the AMG GT 63, and the experts in Affalterbach have",2025-03-05,0,0,0
"Looking for an all-wheel drive car that meets all your mobility needs and individual preferences? Then the E-Class All-Terrain is just the car for you. Proven off-road technology, striking AVANTGARDE exterior and overall high functionality make the E-Class ideal for long",2025-02-26,0,0,0
More than spectacular: the #SClass. sebastiankubatz (IG) for #MBcreator#MercedesBenz#MANUFAKTUR,2025-02-20,0,0,0
"It's not just a car, it's a masterpiece – discover the meticulous craftsmanship. #MercedesBenz#MercedesAMG#SL [Mercedes-AMG SL 63 4MATIC+ | Energieverbrauch kombiniert: 13,4‒13 l/100 km | CO₂-Emissionen kombiniert: 306‒296 g/km | CO₂-Klasse: G]",2025-02-14,0,0,0
The #EClass in its prime. #MercedesBenz,2025-01-29,0,0,0
Warning: The S-Class #MANUFAKTUR may cause excessive jaw-dropping. Proceed with caution . #MercedesBenz#SClass,2025-01-22,0,0,0
"Timeless design, groundbreaking safety: The Mercedes-Benz 230 SL “Pagoda” (W 113) set new standards in 1963 with its iconic concave roof and safety body. Discover the rally winner and style icon in Legend Room 5 at the Mercedes-Benz Museum. More: https://mb4.me/Pagoda-from-MB",2025-01-17,0,0,0
"[Mercedes-Benz G 580 mit EQ Technologie | Energieverbrauch kombiniert: 30,3‒27,7 kWh/100 km | CO₂-Emissionen kombiniert: 0 g/km | CO₂-Klasse: A] Offroad icon of the next era! The G 580 with EQ technology is equipped with virtual differential locks and exclusive off-road",2025-01-15,0,0,0
"Why settle for compromises when you can have it all? With our Electric Drive Unit 2.0 (EDU 2.0), we’re about to set a new benchmark in electric performance. Compact, efficient and versatile, it integrates motor, gearbox and power electronics into a seamless system designed for",2025-01-15,0,0,0
Looks always good. The Mercedes-AMG #GT. tomklockerphoto (IG) for #MBcreator#MercedesBenz#MercedesAMG,2025-01-14,0,0,0
"[Mercedes-AMG CLE 53 4MATIC+ Cabriolet | Energieverbrauch kombiniert: 9,8‒9,3 l/100 km | CO₂-Emissionen kombiniert: 223‒213 g/km | CO₂-Klasse: G] Celebrating some special Mercedes-AMG CLE 53 4MATIC+ Cabriolet features, such as the 3.0-litre six-cylinder engine. Equipped with",2025-01-14,0,0,0
Accelerate your dreams. http://danielmartinek.cz (IG) for #MBfanphoto#MercedesBenz#AMGclassic,2025-01-13,0,0,0
"Based on a diverse, continuous exchange of knowledge, Mercedes-Benz futurists have developed a vision for London in 2040 and beyond – one that’s traditional yet progressive and multimodal. For example, residents could enjoy a seamless, hyper-personalised experience thanks to AR",2025-01-13,0,0,0
"Constantly breaking new ground, always adapting to the situation. ashtonstan (IG) for #MBphotopass#MercedesBenz [Mercedes-AMG SL 55 4MATIC+ | Energieverbrauch kombiniert: 13,5‒12,9 l/100 km | CO₂-Emissionen kombiniert: 307‒293 g/km | CO₂-Klasse: G]",2025-01-10,0,0,0
What if you can have human-like conversations with your vehicle? That’s now possible with our MBUX Voice Assistant and AI-driven knowledge feature – providing accurate and up-to-date answers to a wide range of questions.,2025-01-10,0,0,0
Ready for your next ride? benjamin.studios (IG) for #MBcreator#MercedesBenz#MercedesAMG#GLS,2025-01-09,0,0,0
"Let’s look at whose 50th birthday will be on the horizon in 2025: On 15 May 1975, the Mercedes-Benz 450 SEL 6.9 became the new top-of-the-line S-Class. Discover all our anniversaries coming up in 2025: https://mb4.me/Classic-Anniversaries…",2025-01-09,0,0,0
"The updated SL of model series R 129 premieres in September 1995. It is the first facelift of this generation of the Mercedes-Benz sports car. In 2025, the first facelift of the SL R 129 is officially eligible for the H number plate.",2025-01-08,0,0,0
"The VISION EQXX sets new standards for electric efficiency with just 7.4 kWh/100 km. Advanced thermal management, solar roof tech, and intelligent systems maximize range and performance – even in tough conditions. #MercedesBenz",2025-01-08,0,0,0
More than spectacular: the Mercedes-AMG SL. sebastiankubatz (IG) for #MBcreator#MercedesAMG#SL,2025-01-07,0,0,0
Every detail matters - including the colour of your ride. Which colour is the most popular among our customers?,2024-12-30,0,0,0
Answer a) silver is right!,2025-01-07,0,0,0
Ready to conquer any terrain with style and efficiency? The C-Class offers six dynamic models tailored for every adventure. #MercedesBenz#CCLass,2025-01-06,0,0,0
Exceptional ideas start with exceptional dreams. paul_nitschmann (IG) for #MBcreator#MercedesBenz#MercedesAMG#GLB,2025-01-06,0,0,0
Ride every route in comfort and style. #MercedesBenz#SClass,2025-01-03,0,0,0
"Flashback to 65 years ago! The Mercedes-Benz W 111 model series, affectionately known as the “Fintail”, made its dazzling debut. In September 1959, the Mercedes-Benz 220, 220 S and 220 SE six-cylinder saloons of the 111 series celebrate their public debut. #MBclassic",2025-01-03,0,0,0
Some days are just tailor-made for driving – start your engine! arnaudtaquet (IG) for #MBcreator#MercedesBenz#GLS,2025-01-02,0,0,0
"Ensuring the highest quality and performance is a top priority for us. Before a new model goes into production, it undergoes rigorous testing in extreme conditions. From freezing temperatures of -35°C in northern Sweden to hot climates in southern Europe and the USA, each model",2025-01-02,0,0,0
Our S-Class has always combined maximum comfort with exhilarating dynamics and unsurpassed traction. The S 680 GUARD 4MATIC marks a significant milestone as the first GUARD saloon from Mercedes-Benz equipped with all-wheel drive. [Mercedes-Benz S 680 GUARD 4MATIC |,2025-01-01,0,0,0
Happy New Year from Mercedes-Benz . #MercedesBenz,2025-01-01,0,0,0
"From city streets to mountain peaks, this year has been a journey to remember. A heartfelt thank you to our creators, collaborators, and loyal fans for being part of it all. Let’s gear up for an even greater 2025! #MercedesBenz [Mercedes-Benz G 580 mit EQ Technologie |",2024-12-31,0,0,0
"Big city lights, big Mercedes-Maybach energy. #MercedesBenz#MercedesMaybach",2024-12-31,0,0,0
"The 1995 E-Class sets an unmistakable visual accent with its “four-eye face”. This designation comes from the four round headlamps at the front. In 2025, this classic turns 30 and earns its H number plate status. #MercedesBenz#MBclassic",2024-12-30,0,0,0
Snow Day? The #EQE calls that the perfect opportunity for a little adventure! Tag your road trip buddy in the comments. #MercedesBenz#Electric,2024-12-27,0,0,0
"Not all who wander are lost, especially on scenic drives with the #GClass. visionsofjk (IG) for #MBcreator#MercedesBenz",2024-12-27,0,0,0
"Introducing the Mercedes-AMG PureSpeed: a radical design concept that kicks off the first model in the exclusive Mercedes-Benz Mythos series. Find out more: https://mb4.me/AMG-PureSpeed [Mercedes-AMG PureSpeed | Energieverbrauch kombiniert: 13,7 l/100 km | CO₂-Emissionen",2024-12-26,0,0,0
Jump inside and experience the #GT in all its facets! jbh1126 (IG) for #MBfanphoto#MercedesBenz#MercedesAMG#AMGGT,2024-12-26,0,0,0
2024 Wrapped: Here are a few of our top highlights from this year. Which one stands out to you? Let us know! #MercedesBenz,2024-12-25,0,0,0
"During holiday season, some stars on the ground shine brighter than those in the sky. #MercedesBenz#MBclassic#HolidayMagic#GClass#W126 All actions depicted in this video are performed by professional drivers on closed roads. Do not attempt to replicate these maneuvers.",2024-12-25,0,0,0
"Elevate every adventure: as we celebrate the 10th birthday of the V-Class, we’re rounding off its portfolio with the launch of the new V‑Class Marco Polo HORIZON recreational vehicle.",2024-12-24,0,0,0
Sending a message of light & love to the world. Mercedes-Benz wishes everyone a happy wintertime. #MercedesBenz#HappyHolidays All actions depicted in this video are performed by professional drivers on closed roads. Do not attempt to replicate these maneuvers. [Mercedes-Benz,2024-12-24,0,0,0
"With our Real-Life Safety philosophy, we continue to set new standards in vehicle safety and also pioneer safety testing technology. In the world's first X-ray crash test, for example, the C-Class was X-rayed at the moment of side impact with ultra-short X-ray images at up to",2024-12-23,0,0,0
A year full of highlights! Which was your personal Mercedes-Benz highlight?,2024-12-23,0,0,0
"With the #SClass, driving home for the holidays just got a little more fun. It’s been a long year, why not wind down with a massage while the snowy scenery does the rest? #MercedesBenz",2024-12-20,0,0,0
"It’s all about precision and passion. From hand-stitched leather interiors to perfectly crafted details, their craftsmanship transforms each vehicle into a unique masterpiece. Combining time-honoured techniques with cutting-edge technology, they bring your vision to life with",2024-12-20,0,0,0
"Four decades of adventure: We’re celebrating 40 years of the Mercedes-Benz Marco Polo. From the iconic 1984 debut to today’s glamping V-Class Marco Polo, we’ve redefined travel. See the first Marco Polo at the Mercedes-Benz Museum this December.",2024-12-19,0,0,0
Simply shine in this epic ride. #MercedesBenz#AMG,2024-12-19,0,0,0
"The Mercedes-Maybach #GLS supports you and your vision. #MercedesBenz#MercedesMaybach [Mercedes-Maybach GLS 600 | Energieverbrauch kombiniert: 14‒13,7 l/100 km | CO₂-Emissionen kombiniert: 316‒310 g/km | CO₂-Klasse: G]",2024-12-18,0,0,0
This #300SL Gullwing is in such good shape it might as well be a time machine to the 1950s. projectoneig (IG) for #MBfanphoto#MercedesBenz#MBclassic#ClassicCarInterior,2024-12-18,0,0,0
"It may seem like a #dreamcar, but it actually exists in reality. marxarchiv (IG) for #MBcreator#MercedesBenz#MercedesAMG#SL",2024-12-17,0,0,0
"Experience the thrill of the Mercedes-AMG GT 63 PRO 4MATIC+, where robust ceramic brakes, striking 21-inch forged wheels and high-performance cup tires come together for high level of capability and safety on the road or track. More: https://mb4.me/GT_63_PRO_4MATIC…#MercedesBenz",2024-12-17,0,0,0
All of Lewis’ championship winning cars in their glory,2024-12-16,0,0,0
"Time to recharge this holiday season, even for the fastest drivers. But one gift is still waiting to be unwrapped: The all-new #CLA#MercedesBenz#KimiAntonelli#F1 All actions depicted in this video are performed by professional drivers on closed roads. Do not attempt to",2024-12-16,0,0,0
"Long before the use of female dummies in crash tests became mandatory, we relied on this innovation to increase the safety of all vehicle occupants. The aim is to realistically measure the effects of accidents on different body sizes and shapes and thus optimise protection for",2024-12-16,0,0,0
"Your dream car, designed to reflect your personality. From the Center of Excellence to the MANUFAKTUR and the MANUFAKTUR Studio: This vision comes to life through a unique journey of customisation at our plant in Sindelfingen, Germany. #MercedesBenz#MANUFAKTUR",2024-12-13,0,0,0
"Hello world! Here we go – Mercedes-Benz Vans’ vision of a new era. Just a first glimpse, but be sure: There is much more to come in spring 2025. #MercedesBenz#Van",2024-12-13,0,0,0
"A heartfelt farewell: 
@LewisHamilton
 visited Stuttgart yesterday for his final goodbye to the #WorldsFastestFamily as a 
@mercedesamgf1
 driver. #F1#MercedesBenz#LH44",2024-12-12,0,0,0
"AI control in our paint shops at our Rastatt plant, Germany: Last year, we introduced AI-controlled process technology in the topcoat booths at our Rastatt plant in Germany. During a pilot test, AI replaced the conventional PLC (Programmable Logic Controller) to monitor key",2024-12-12,0,0,0
"Where the sun illuminates your path with the right companion by your side. #MercedesBenz#GClass#Electric [Mercedes-Benz G 580 mit EQ Technologie | Energieverbrauch kombiniert: 30,3‒27,7 kWh/100 km | CO₂-Emissionen kombiniert: 0 g/km | CO₂-Klasse: A]",2024-12-11,0,0,0
"Changes to the Board of Management: The Supervisory Board has decided on changes to our company's Board of Management. In 2025, we will bid farewell to the highly esteemed board members Sabine Kohleisen, Renata Jungo Brüngger, and Hubertus Troska, as their contracts conclude",2024-12-11,0,0,0
"Exceptional driving characteristics meet exceptional sound. With Dolby Atmos x Mercedes-Benz, you’ll enjoy your drive on another level. Meet singer-songwriter Dave McKendry and join him for a ride in a Mercedes-Benz S-Class with incredible Dolby Atmos sound. What song will you",2024-12-10,0,0,0
"From the mine to the product – we pursue the goal that our products only contain raw materials and materials that have been mined and produced without violating any human rights. In view of the fact that our globally operating company has tens of thousands of direct suppliers,",2024-12-10,0,0,0
"You’re always going to be part of our family, 
@LewisHamilton",2024-12-08,0,0,0
"Introducing MBUX Notes: the AI-powered, hands-free note-taking app from Mercedes-Benz. Capture ideas, get AI-summarised notes, and share them via email or apps like OneNote – all while driving. More: https://mb4.me/MBUX_Notes",2024-12-09,0,0,0
"The drive of a champion to conclude one of the most incredible partnerships in 
@f1
 history. Thank you, 
@LewisHamilton
#MercedesBenz#LH44#AbuDhabiGP",2024-12-09,0,0,0
"The new Mercedes-AMG PureSpeed celebrates its world premiere at the Formula 1™ Grand Prix in Abu Dhabi! This limited-edition model kicks off the Mercedes-Benz Mythos series. The two-seater performance car has no roof or windscreen, providing an unfiltered driving experience",2024-12-07,0,0,0
Dreams come true with #MercedesMaybach. henribubeck (IG) for #MBcreator#MercedesBenz#SClass,2024-12-06,0,0,0
Celebrate the journeys that bring us together. Warm holiday wishes from Mercedes-Benz! #MercedesBenz,2024-12-06,0,0,0
"A new home for craftsmanship and upgraded creativity. Your car, your vision, made in Sindelfingen – meet our new MANUFAKTUR Studio #MercedesBenz#MANUFAKTUR",2024-12-05,0,0,0
"Imagine… Thank You, Lewis",2024-12-05,0,0,0
"In true Mercedes-AMG spirit, the GT goes above and beyond what you expect from a coupé. Who would you take away for the weekend in this sporty number? kenozache (IG) for #MBcreator#MercedesBenz",2024-12-05,0,0,0
From the archive: the Lewis edition,2024-12-04,0,0,0
The #S63 is perfect for exploring. What would your ideal destination be? blekoshots (IG) for #MBfanphoto#MercedesBenz#MercedesAMG,2024-12-04,0,0,0
"Innovation that never stops – our wheels keep spinning toward the future. From the legendary C111 concept car to today’s Concept CLA Class, we’ve always been driven by a vision of tomorrow. Over time, our wheels, like our technology, have continuously evolved to meet new",2024-12-04,0,0,0
"Record-breaking. Historic. Iconic. Ready to write the final chapter together Thank you, Lewis",2024-12-03,0,0,0
"A masterful performance hybrid, the Mercedes-AMG S 63 E PERFORMANCE delivers power that feels limitless. philipprupprecht (IG) for #AMGcreator#MercedesBenz#SClass#AMG [Mercedes-AMG S 63 E PERFORMANCE | Energieverbrauch gewichtet, kombiniert: 22,2 kWh/100 km plus 4,6",2024-12-03,0,0,0
Mercedes-Benz is taking the next step towards the electric future and its claim to leadership in drive systems. The forthcoming CLA will be available as a highly efficient electric car. More: https://mb4.me/Efficiency#MercedesBenz#emobility,2024-12-03,0,0,0
"What has been missing in the life of every Mercedes-Benz driver? The answer is simple: our new app for Apple Watch, designed for a seamless digital customer experience. More: https://mb4.me/Apple_Watch#MercedesBenz#AppleWatch",2024-12-02,0,0,0
"Let the #CLE be your gateway to unforgettable moments. dnapix (IG) for #MBcreator#MercedesBenz [Mercedes-Benz CLE 220 d Coupé | Energieverbrauch kombiniert: 5,1‒4,7 l/100 km | CO₂-Emissionen kombiniert: 135‒122 g/km | CO₂-Klasse: D]",2024-12-02,0,0,0
Take a seat in the #CLE and unleash its power. danielvisions (IG) for #MBcreator#MercedesBenz#Coupé,2024-11-29,0,0,0
"Discover the latest exhibition ""Now on View"" of the Mercedes-Benz Art Collection at our Mercedes-Benz Museum! The collection focuses on abstract-constructive pictorial concepts, critically engaged art, as well as representative and commissioned works on themes like automobility,",2024-11-29,0,0,0
#since1894 – Class is permanent. Mercedes-AMG GT3 Edition 130Y Motorsport Mercedes-Benz 300 SL #DefiningMotorsport#WeLivePerformance#WorldsFastestFamily,2024-11-27,0,0,0
"Whenever someone says, “rise and shine”, this is what we’ll think of. As the first #MercedesBenz designed and built entirely by AMG, the Mercedes-Benz SLS AMG heralded a new era of performance engineering. evgenytsikin (IG) for #MBfanphoto#MBclassic#MercedesAMG",2024-11-28,0,0,0
"65 years ago, Mercedes-Benz kicked off a groundbreaking journey in safety research with the launch of systematic crash tests. The premiere was on 10 September 1959. It features a pre-production version of the forthcoming 110 series and it was subjected to a frontal collision",2024-11-28,0,0,0
"Our imagination of a perfect dance. We always keep innovating - so this could be the future of mobility. #MercedesBenz#SmartMobility The stunt shown in the video was performed by professional dancers, not by actual Mercedes-Benz models.",2024-11-27,0,0,0
"Have you already visited our museum in Stuttgart? It's a truly magical place that feels like a time machine. Did you know these facts about the Mercedes-Benz Museum?: More than 13 million visitors since 2006 4,800 square meters of space 1.5 kilometers: The average",2024-11-27,0,0,0
No problem! Here's the information about the Mercedes-Benz CLK GTR IYKYK aaronchungphoto on Instagram #MercedesAMG#MyAMG#AMGClassics,2024-11-26,0,0,0
"Why do we still find ourselves drawn to a race car that's over a hundred years old? Meet the legendary Mercedes Targa Florio from 1924, which has returned to Sicily and reignited the passion of enthusiasts everywhere! Now, this star is back at the Mercedes-Benz Museum. More:",2024-11-26,0,0,0
"Broadening horizons can really look like this: The Mercedes-Maybach GLS. benjamin.studios (IG) for #MBcreator#MercedesBenz [Mercedes-Maybach GLS 600 | Energieverbrauch kombiniert: 14‒13,7 l/100 km | CO₂-Emissionen kombiniert: 316‒310 g/km | CO₂-Klasse: G]",2024-11-26,0,0,0
"Back in the winner’s circle. Congrats to the 
@mercedesamgf1
 team on P1 and P2 in Sin City.  ​ #MercedesBenz#F1 #Formula1 #LasVegasGP#SphereVegas
@SphereVegas",2024-11-24,0,0,0
"Mercedes-Benz NXT announced art collaboration “Symbiosis” with Roope Rainisto. At Digital Arts Zurich (DA Z), we presented a sneak peak of this collection. For the first time in Rainisto’s career, his AI-generated artworks are based on photographs he has taken at the",2024-11-25,0,0,0
"Imagine a world without cars… Impossible, right? 180 years ago, Carl Benz was born – and his vision changed everything. Together with Keenan Lam, we explore his incredible journey. Join us in celebrating Benz’s legacy and see how his pioneering spirit continues to drive",2024-11-25,0,0,0
"A stunning Mercedes 1-2 in Las Vegas! 
@GeorgeRussell63
 takes the win at the #LasVegasGP, with 
@LewisHamilton
 charging from P10 to claim P2 on the podium. #F1#LasVegasGP#WeLivePerformance#WorldsFastestFamily",2024-11-24,0,0,0
You heard him! This is your chance to have your name on Lewis' car for his final GP with the Team Enter today and be part of our celebration of Lewis' time with the Team. T&C’s Apply,2024-11-22,0,0,0
#F1 – #LasVegasGP#WeLivePerformance#WorldsFastestFamily,2024-11-22,0,0,0
An exquisite driving experience offered by the Mercedes-Maybach #GLS. dscvr.twins (IG) for #MBcreator#MercedesBenz#MercedesMaybach,2024-11-22,0,0,0
"Experience the special features of the Mercedes-AMG GT 63 PRO 4MATIC+ in its exclusive ""Motorsport Collectors Edition"": ● Exclusive paintwork ● AMG Exterior Carbon Fibre package ● Custom interior with numerous individual design elements More: https://mb4.me/AMG_GT63_MCE",2024-11-22,0,0,0
George The Sphere Never gets old,2024-11-21,0,0,0
Perfection down to the smallest detail. philipprupprecht (IG) for #AMGcreator#MercedesBenz#MANUFAKTUR,2024-11-21,0,0,0
Plug-in hybrids combine the convenience of electric driving for city trips with the range of a combustion engine for those longer adventures – such as our new CLE 300 e Coupé with EQ Hybrid technology. Find out more about the CLE 300 e Coupé: https://mb4.me/CLE_300e_Coupe,2024-11-21,0,0,0
BREAKING NEWS: Mercedes-AMG will join the grid next year! We bet you weren't expecting that one. Stay tuned to find out which team the marque will be partnering with. #WEC#MercedesAMGMotorsport#MercedesAMG#Mercedes#AMG,2024-11-20,0,0,0
"Us right now: dreaming of co-piloting the Mercedes-Benz CLK-LM with 
@SchumacherMick
. #DefiningMotorsport#since1894#WeLivePerformance#WorldsFastestFamily#F1",2024-11-20,0,0,0
"From London to Brighton in a 120-year-old Mercedes! On November 3, 2024, Mercedes-Benz Classic completed this year’s RM Sotheby’s London to Brighton Veteran Car Run with a Mercedes-Simplex 28/32 hp from 1904. More: https://mb4.me/VeteranCarRun",2024-11-20,0,0,0
Making a statement has never been easier - turn heads with the iconic design. danielvisions (IG) for #MBcreator#MercedesBenz#AMG#GT,2024-11-20,0,0,0
Back to the Vegas streets,2024-11-18,0,0,0
Where cutting-edge technology meets timeless style: Experience #MercedesMaybach. offline.studios (IG) for #MBcreator#MercedesBenz#MaybachSClass#MaybachGLS,2024-11-19,0,0,0
"Mercedes-AMG proudly presents its first standalone high-performance SUV, a true masterpiece ""Born in Affalterbach"". For the first time in its 57-year history, Mercedes-AMG is developing an SUV entirely in-house. More: https://mb4.me/AMGSUV",2024-11-19,0,0,0
"This week we go racing in Vegas Who's excited, Team?",2024-11-18,0,0,0
"If you're challenging yourself to a mountain drive, you'll need to stay for the sunset views. We don't make the rules. oskarbakke (IG) for #MBfanphoto#MercedesBenz#AMG#GLS",2024-11-18,0,0,0
"Feel the acceleration? Join CEO 
@OlaKaellenius
 as he takes us for an exclusive test drive with the all-new 2025 CLA! Watch on YouTube now: https://youtube.com/watch?v=2ARBtZa2-gI…",2024-11-18,0,0,0
Ultimate road trip goals with the Mercedes-Benz CLK GTR Roadster. Who’s in? #DefiningMotorsport#since1894#WeLivePerformance#WorldsFastestFamily#F1,2024-11-14,0,0,0
"Experience the best of both worlds with the #CLE Coupé, inspired by the E-Class and C-Class Coupé. #MercedesBenz",2024-11-15,0,0,0
Enter the stunning world of #MercedesMaybach. benjamin.studios (IG) for #MBcreator#MercedesBenz#GLS,2024-11-15,0,0,0
Are you ready to explore the future of technology? Mercedes-Benz and the University of Waterloo have signed a Memorandum of Understanding to collaborate on research in the field of neuromorphic computing. The focus is on the development of algorithms for advanced driving,2024-11-14,0,0,0
"Set off on an expedition with the Mercedes-Amg #SL, where road trips become unforgettable chapters of discovery. chris.smedia (IG) for #MBfanphoto#MercedesBenz#MercedesAMG",2024-11-14,0,0,0
"Curious about the expressive design of the Mercedes-Benz CLE 300 e Coupé? Take a closer look at the proportions and you’ll see a long wheelbase, inclined A-pillar, and pronounced shoulders. Viewed from the side, a striking moulded line structures the powerful silhouette. More:",2024-11-13,0,0,0
"Back to brilliance. With part two of our exclusive house tour. Host 
@edwestwick
 takes us through Maybach's current finest selection. Before heading off with a very special guest. #MercedesMaybach#MaybachGLS#MaybachSClass#MANUFAKTUR",2024-11-13,0,0,0
The Mercedes-AMG SL MANUFAKTUR Golden Coast has an engine fit for a racer and detailing fit for a king. #MercedesBenz#AMG#SL63#MANUFAKTUR#GoldenCoast,2024-11-11,0,0,0
"Ready to go! With the first all-electric VAN.EA prototypes, we take the next step on the way to reinventing the van. #MercedesBenz#Vans",2024-11-12,0,0,0
"Just a sneak peek. Host Sarah Harman is showing off the highlights of the upcoming Mercedes-Benz CLA. You want to see the full video with our CEO 
@OlaKaellenius
? Head over to YouTube: https://youtube.com/watch?v=2ARBtZa2-gI…",2024-11-12,0,0,0
This or That with GR: Brasil Edition,2024-11-10,0,0,0
"Introducing the limited and highly exclusive Mercedes-AMG GT 63 PRO 4MATIC+ “Motorsport Collectors Edition”. With numerous individual design elements and equipment details, it creates a close link to the Mercedes-AMG PETRONAS F1 Team. More: https://mb4.me/AMG_GT63_MCE",2024-11-11,0,0,0
"Pushing the limits in every turn, every second counts. The #AMGONE and 
@maroengel
 conquer the Nürburgring Nordschleife once again, smashing their own record and setting a new standard. Watch the latest episode of #INSIDEAMG for the full, unfiltered journey! #MercedesAMG#AMG",2024-11-11,0,0,0
"Our MANUFAKTUR program is more than individual customer requirements, it's about creating a space that truly reflects you. From exclusive paint finishes to personalized interiors, we create one-of-a-kind vehicles, offering high-end customization - elaborately handcrafted in our",2024-11-08,0,0,0
"Have you heard the latest news? The all-new CLA will make its world debut in 2025. And, of course, our CEO 
@OlaKaellenius
 takes the wheel himself. For an exclusive preview, watch the full video on YouTube now: https://youtube.com/watch?v=2ARBtZa2-gI…#MercedesBenz#CLA",2024-11-08,0,0,0
"An SUV that's 100% born in Affalterbach is coming. Built on the AMG.EA platform, it’s the first fully electric SUV crafted entirely in-house by AMG. #MercedesAMG#AMGThrill",2024-11-07,0,0,0
"In the heart of Shanghai, we unveiled the new electric G-Class. With its distinctive design and exceptional performance, this G-Class embodies what it means to be stronger than time. The reveal of the new art piece Project G-Class Past II Future as a collaboration with Moncler",2024-11-07,0,0,0
"Welcome to the world of Mercedes-Maybach with 
@edwestwick
. From legacy to lifestyle, we're diving into the story of our luxurious heritage, starting where it all began: the Maybach Zeppelin. #MercedesMaybach#MaybachZeppelin#WelcomeToBeyond",2024-11-07,0,0,0
"What offers you a range of customisable driving characteristics at your fingertips that allow you to personalise your driving experience in the Mercedes-AMG CLE 53 4MATIC+ Cabriolet, for example? AMG DYNAMIC SELECT, of course! More: https://mb4.me/AMG_CLE_53_Cabrio…#MercedesBenz",2024-11-06,0,0,0
"The secret 2025 CLA revealed: Find out more about the brand-new prototype and hit the track with CEO 
@OlaKaellenius
. Full video on YouTube: https://youtu.be/2ARBtZa2-gI",2024-11-06,0,0,0
"The Mercedes-Benz C-Class attained another remarkable achievement, earning the top rating of “very good” in the Euro NCAP assessment for its driver assistance systems*. More: https://mb4.me/Euro_NCAP_CClass…#MercedesBenz#CClass *The driver assistance and safety systems from",2024-11-05,0,0,0
"Thirty years ago, the iconic Roadster with a folding steel roof caused a sensation! At the Paris Motor Show in October 1994, we presented an enhanced version of the SLK roadster concept car, which is equipped with a vario-roof. #MercedesBenz#SLK",2024-11-05,0,0,0
SO THRILLING. SO AMG. #MercedesAMG#AMG#AMGThrill#SOAMG,2024-11-04,0,0,0
Your only limit is you. yasinfcakmak (IG) for #MBfanphoto#MercedesAMG#GClass,2024-11-04,0,0,0
Ride at the highest level of comfort in a #MercedesMaybach. offline.studios (IG) for #MBcreator#MercedesBenz,2024-11-04,0,0,0
All eyes on London and the official Trophy Carrier. It’s the day of the League of Legends World Championship 2024 Finals and we’ll bring the Summoner's Cup to the arena in this one of a kind all-electric G-Class. #Worlds2024#MBxLoLEsports#LoLEsports [Mercedes-Benz G 580 mit,2024-11-02,0,0,0
"London is calling for legends. The city is hosting the 2024 League of Legends World Championship Finals and 
@rogerfederer
 himself is sending the trophy to the arena – the very same place where he played the last match of his tennis career. #Worlds2024#MBxLoLEsports#GClass",2024-11-01,0,0,0
"Experience the precision and craftsmanship of our MANUFAKTUR in Sindelfingen, where every detail is crafted with the utmost care. This is the place where dreams come true. Which model would you love to have customized? #MercedesBenz#MANUFAKTUR",2024-11-01,0,0,0
Casa,2024-10-30,0,0,0
"Football is for everyone. We‘re proud that last week, the ‘Inclusion Shuttle’, which provides people with disabilities with the easiest possible access to the stadium at 
@VfB
 Stuttgart home matches, had its first all-electric journey across Europe. Thanks to the widespread",2024-10-31,0,0,0
The only ghost you'll be happy to meet in the forest. annika.hf_ (IG) for #MBfanphoto#MercedesBenz#W124#HappyHalloween,2024-10-31,0,0,0
"#RAWSPEC – Connecting art, fashion and motorsport like never before! #WeLivePerformance#MercedesAMGMotorsport#MercedesAMG#AMGGT3#AMG",2024-10-30,0,0,0
"Made in Kecskemét: The 2 millionth vehicle, an all-electric EQB, rolled off the assembly line at our Hungarian plant in October 2024. This milestone marks the continued successful production of models in our entry segment. In fact, the all-electric models, modern high-end",2024-10-30,0,0,0
"Striking radiator grille, expressive front apron and rear diffuser as well as eye-catching headlamps, just like the original: We present the seventh generation of the Bobby-AMG children's ride-on car. More: https://mb4.me/Bobby-AMG_GT",2024-10-29,0,0,0
"Our #CLE Coupé embodies an emotional statement from every perspective. The sporty and elegant two-door unites proportions typical of a coupé with the modern design language, whose aesthetic soul is shaped by the design philosophy of Sensual Purity. #MercedesBenz",2024-10-29,0,0,0
"Traditions Always a fun evening with 
@LewisHamilton
 and 
@MercedesBenzMx
 on Saturdays in Mexico City. This time launching the new G-Class",2024-10-27,0,0,0
"The journey is just as important as the destination - make it unforgettable. danielvisions (IG) for #MBcreator#MercedesBenz#MercedesAMG#GT
@MercedesAMG",2024-10-28,0,0,0
Our destination? Mexico! Our Mercedes-AMG? The GLB! Come with us on a road trip through the Yucatán Peninsula. Tap the link for the full article in the Mercedes-Benz Magazine: https://mb4.me/MB-Magazin-01-2024… fabianml (IG) #MercedesBenz#MercedesAMG#GLB,2024-10-28,0,0,0
"With the support of partners, suppliers, and policy makers, we aim to build a responsible battery supply chain for a decarbonised future. We recently opened Europe's first battery recycling plant with an integrated mechanical-hydrometallurgical process in Kuppenheim, recovering",2024-10-25,0,0,0
"Happy 12's birthday's, Roscoe Hope you get all the treats and belly rubs you deserve",2024-10-24,0,0,0
We've just released our Q3 2024 results. Check out the full figures here: https://group.mercedes-benz.com/investors/reports-news/interim-reports/q3-2024/…#MercedesBenz,2024-10-25,0,0,0
"When icons cross paths: 
@rogerfederer
 had a glimpse of the 
@lolesports
 Trophy Carrier. The Summoner's Cup is headed to London in the all-new electric G-Class. #Worlds2024#MBxLoLEsports#GClass#MBxLoLEsports [Mercedes-Benz G 580 mit EQ Technologie | Energieverbrauch",2024-10-24,0,0,0
"Flashlights, urban aesthetics, fashion and the (re -)birth of a timeless icon: the unveiling of the new Project G-Class Past II Future at the #MONCLERGENIUS in Shanghai. 
@Moncler
@NIGO
#MERCEDESBENZ#MONCLERMERCEDESBENZNIGO",2024-10-24,0,0,0
"#since1894 - Throwback to the 1960 Rallye Monte Carlo: With snow higher than the cars, Eugen Böhringer and Hermann Socher pushed their Mercedes-Benz 220 SE to a remarkable 2nd place finish. Stay tuned as we share more moments from our 130-year motorsport legacy every week.",2024-10-23,0,0,0
"With 2 million charging points worldwide, our Mercedes me Charge network is one of the largest and most comprehensive public charging infrastructures globally. This year alone, we have added 500,000 new charging points. Our digital charging service offers our customers access",2024-10-23,0,0,0
Join us to explore the dynamic and ever-changing city of Mumbai with photographer Avani Rai and the EQS. Now in the Mercedes-Benz Magazine http://mb4.me/MB-Magazin-01-2024… avani.rai (IG) #MercedesBenz#EQS,2024-10-23,0,0,0
"The Mercedes-AMG ONE brings the excitement of Formula 1™ to the road, featuring a cutting-edge drive system developed in collaboration with the elite engineers from Mercedes-AMG High Performance Powertrains in Brixworth. More: https://mb4.me/AMGONE_RecordDrive…#MercedesBenz#MercedesAMG",2024-10-22,0,0,0
"All eyes on me! #MercedesBenz#MercedesAMG [Mercedes-AMG GT 63 PRO 4MATIC+ „Motorsport Collectors Edition” | Energieverbrauch kombiniert: 14,0 l/100 km | CO₂-Emissionen kombiniert: 319 g/km | CO₂-Klasse: G]",2024-10-22,0,0,0
"Our collaboration with Moncler and NIGO not only entails the Project G-Class Past II Future and limited edition G-Class Past II Future, it is also brought to life through an exclusive capsule collection designed by NIGO. The pieces artfully blend Monclers DNA with Mercedes-Benz",2024-10-21,0,0,0
"Closing the battery loop is an important milestone on the road to a more sustainable future of mobility. With our new battery recycling plant in Kuppenheim, Germany, we are taking a major step in this direction. Tomorrow drives Mercedes-Benz. #MercedesBenz#emobility",2024-10-21,0,0,0
"With the G-Class Past II Future our collaboration with Moncler makes its first mark in the retail space. Its design references the art piece with distinct two-tone colouring in green and tartan interior pattern. This one is dedicated to invention, to the disruptors, the",2024-10-20,0,0,0
"The #MONCLERGENIUS in Shanghai lights up as we celebrate the reveal of Project G-Class Past II Future with 
@Moncler
 and Nigo. #MERCEDESBENZ#MONCLERMERCEDESBENZNIGO",2024-10-20,0,0,0
"What it felt like to see the unveiling of the new Project G-Class Past II Future. 
@Moncler
#MONCLERGENIUS#MERCEDESBENZ#MONCLERMERCEDESBENZNIGO",2024-10-20,0,0,0
"The Project G-Class Past II Future designed by visionary NIGO, combines distinct Moncler DNA in a quilted roof with original 90s references like the G-Class tartan interior pattern. The iconic silhouette gains a modern twist with the contemporary two-tone colouring and golden",2024-10-19,0,0,0
Introducing the Project G-Class Past II Future created by fashion designer and visionary NIGO in co-creation with Moncler. The art piece fuses 90s influences with contemporary elements resulting in a fresh take of an icon. The distinct G-Class tartan interior pattern meets,2024-10-19,0,0,0
"All things G in Shanghai – celebrating the market launch of the electric G-Class with incredible skyline views and a special appearance of our Project Mondo G. [Mercedes-Benz G 580 mit EQ Technologie | Energieverbrauch kombiniert: 30,3‒27,7 kWh/100 km | CO₂-Emissionen",2024-10-19,0,0,0
"Howdy 
@GeorgeRussell63",2024-10-17,0,0,0
"How can we use bacteria to solve the problem of plastic waste? How can food waste be prevented? With beVisioneers: The Mercedes-Benz Fellowship, a fellowship program funded by us and implemented by a non-profit organization. This initiative supports young people in developing",2024-10-18,0,0,0
On October 19th at the Moncler City of Genius event something monumental will arrive in collaboration with Moncler and NIGO. #MONCLERGENIUS#MERCEDESBENZ#MONCLERMERCEDESBENZNIGO,2024-10-18,0,0,0
"""The best new circuit ever made"" A favourite amongst drivers and fans. Lewis, George and 
@PET_Motorsports
 preview the #USGP",2024-10-17,0,0,0
"The Mercedes-AMG GT 63: an engineer's stroke of genius. #MercedesAMG#AMG#AMGthrill Mercedes-AMG GT 63 4MATIC+ | Energieverbrauch kombiniert: 14,1 l/100 km | CO₂-Emissionen kombiniert: 319 g/km | CO₂-Klasse: G",2024-10-16,0,0,0
Embark on new journeys with the #EClass. #MercedesBenz,2024-10-17,0,0,0
"Wheels define the character of a car by combining function and design to perfection. From timeless classics to modern aero wheels – they capture the spirit of their time and shape art, culture and design. #MercedesBenz#Design",2024-10-17,0,0,0
"FINALLLY! We're going racing in Texas Drop a star emoji if you're feeling hyped for this weekend x 
@AndrewMytro",2024-10-16,0,0,0
"The biggest night in football. Mercedes-Benz Stadium, 2028. History will be made here. IG: atlantadroneguy #MercedesBenz#MercedesBenzStadium#ATL
@MBStadium",2024-10-15,0,0,0
Shaping safety: The deformation zone makes electric vehicles from Mercedes-Benz even safer. It absorbs the energy from the impact and helps to protect the passengers. So you can feel safe when the unexpected happens. #MercedesBenz#AllForSafety#Crashtest#ElectricCars,2024-10-16,0,0,0
"Our ""Get in!"" campaign, the largest of its kind, has engaged around 27,000 colleagues, offering them the chance to test drive our all-electric models. Launched last year, the initiative has allowed employees at ten European locations to participate, with nearly two-thirds",2024-10-16,0,0,0
"The time has come 
@LewisHamilton
's purple and gold 2020 Abu Dhabi mini helmet is BACK IN STOCK! And now available in the US, too. Click the link to grab yours",2024-10-15,0,0,0
"Are you ready for the ultimate thrill ride in the fastest street-legal production vehicle? Then meet the Mercedes-AMG ONE! The Mercedes-AMG hypercar brings Formula 1™ hybrid technology to the road for the first time. With one combustion engine and four electric motors, the E",2024-10-15,0,0,0
"Recently, we invited you to estimate total vehicle production at our Rastatt, Germany plant since 1992. Here is the answer, along with some interesting facts: - As the lead plant for cars in the entry segment, Rastatt counts over 6,100 dedicated colleagues who produced more than",2024-10-15,0,0,0
F1 is back,2024-10-13,0,0,0
"Our ambition is to drive innovation and sustainable design forward. One way to show that is our partnership with the 39th Festival d’Hyères to support emerging fashion design talent. Showcased alongside the CLA Erlkönig, these looks from the Festival d’Hyères have been",2024-10-14,0,0,0
"Strong at heart: a high-performance AMG with up to 585 horsepower. To build that powerful engines, we follow the AMG philosophy: “One Man – One Engine”. That means the AMG combustion engine is built by one person, who pours their whole heart into it, building a relationship.",2024-10-14,0,0,0
Inspired by responsible design: Logan Monroe Goff was awarded with the Mercedes-Benz Sustainability Prize at the 39th Festival d’Hyères. #MercedesBenz#CLA#MercedesBenzFashion#Hyeres39,2024-10-13,0,0,0
"Step inside the highly exclusive Mercedes-AMG GT 63 PRO 4MATIC+ “Motorsport Collectors Edition”, where motorsport-inspired details grace the interior, creating a stunning racing spirit. More: https://mb4.me/AMG_GT63_MCE#MercedesBenz#MercedesAMG [Mercedes-AMG GT 63 PRO 4MATIC+",2024-10-11,0,0,0
Mental health matters. And we know it. Promoting mental well-being has been a major focus of our health initiatives for decades. Let’s work together to foster inner strength and break down the stigma of mental health conditions. #WorldMentalHealthDay#MercedesBenz,2024-10-10,0,0,0
One goal: protecting you. The reinforced body structure of the passenger cell in your all-electric Mercedes-Benz is designed to keep you safe. That’s defining electric safety.​ #MercedesBenz#AllForSafety#Crashtest#ElectricCars#Safety,2024-10-09,0,0,0
Let us introduce you to the new Mercedes-Benz Trophy Carrier for Worlds 2024! This electric G-Class was refined by the in-house MANUFAKTUR customisation programme and is equipped with a uniquely manufactured trunk module to transport the Summoner‘s Cup in an unmatched iconic,2024-10-08,0,0,0
"Driving through paradise in style with the perfect backdrop Palm trees, sun-kissed skies, and a moment of calm in the #GLC43 4MATIC. dcmno (IG) #MercedesBenz#MercedesAMG#GLC [Mercedes-AMG GLC 43 4MATIC | Energieverbrauch kombiniert: 10,6‒10,3 l/100 km | CO₂-Emissionen",2024-10-08,0,0,0
Simply a piece of art. louismugler (IG) for #MBcreator#MercedesBenz,2024-10-07,0,0,0
"Reviving the spirit of automotive history, #MercedesBenz Classic Genuine Parts ensures that the legends of the past remain road-ready and true to their original glory! In total, there are more than 160,000-part items for 57 model series. More: http://mb4.me/MB_Classic_3-2024…#MBclassic",2024-10-07,0,0,0
Wether you want to relax or grab a quick bite – the E-Class with personalised experiences knows exactly what you want and uplifts your day. Knows your day. Drives your way. The E-Class with personalised experiences.,2024-10-04,0,0,0
"Now it’s your turn – stay tuned for the right answer. How many vehicles have already been produced at our plant in Rastatt, Germany since its opening in 1992?",2024-10-04,0,0,0
"Behind that pretty face is a sleek, sporty, soft top stunner, with a bonnet full of engineering. david.stegmaier (IG) for #MBcreator [Mercedes-AMG SL 43 | Energieverbrauch kombiniert: 9,5‒9 l/100 km | CO₂-Emissionen kombiniert: 217‒205 g/km | CO₂-Klasse: G]",2024-10-03,0,0,0
We develop dopamine by engineering highperformance cars with eight cylinders and up to 585 horsepower in the Mercedes-AMG SL 63 4MATIC+. Our AMG philosophy makes the engine not only strong but also special. The AMG combustion engine is built by one person who pours their whole,2024-10-03,0,0,0
"Ready for history in the fast lane? 
@MaroEngel
 and the #AMGONE shatter their own Nürburgring Nordschleife record Watch it all go down in history in the latest episode of #INSIDEAMG, live on YouTube now: http://mb.mb4.me/AMG-Record-Drive…#MercedesAMG#AMG [Mercedes-AMG ONE |",2024-10-02,0,0,0
"Electrifying duo: The unique performance and power of the #EQESUV meets League of Legends Esports at #Worlds2024. 
@lolesports",2024-10-02,0,0,0
"The #EQESUV arrived in style for #Worlds2024. Let‘s #MakeThemBelieve. #MBxLoLEsports#EQESUV#LoLEsport
@lolesports",2024-10-01,0,0,0
"Do you remember our question about the standard equipment of the Mercedes-AMG CLE 53 Cabriolet? The answer is all-wheel drive or, to be precise, the fully variable AMG Performance 4MATIC+ all-wheel drive. Discover more: http://mb4.me/AMG_CLE_53_Cabrio…#MercedesBenz#MercedesAMG#CLE",2024-10-01,0,0,0
Mercedes-AMG GT3 130Y Edition vs Mercedes-Benz C11. Who will come out on top? Find out on YouTube! Watch the Ultimate Quartet here: http://amg4.me/TheUltimateQuartet…#DefiningMotorsport#since1894#WorldsFastestFamily#WeLivePerformance#F1,2024-09-30,0,0,0
"We are thrilled to announce an exciting partnership with Sony Pictures Entertainment, bringing movie magic into the car with the RIDEVU advanced entertainment service. More: http://mb4.me/RIDEVU#MercedesBenz#MBUX",2024-09-30,0,0,0
A star meets the afternoon sun: Read more about our road trip in Mumbai with the #EQS in the Mercedes-Benz Magazine. http://mb4.me/Mercedes-Benz-Magazine… avani.rai (IG) #MercedesBenz#EQS,2024-09-30,0,0,0
"Log out and enjoy your me-time routine: The E-Class offers nine personalised ENERGIZING COMFORT programs including massages, ambient light, sounds and scents that sooth you. Knows your day. Drives your way. The E-Class with personalised experiences. #MercedesBenz",2024-09-27,0,0,0
"Whether all-electric or electrified, we offer a car for every need. Each vehicle tells its own story, yet together they reflect our brand – distinct, but unmistakably Mercedes-Benz. Which one is yours? #MercedesBenz",2024-09-27,0,0,0
"An iconic moment that we'll never forget When 
@LewisHamilton
 reached 100 victories in 
@F1
#LH100",2024-09-26,0,0,0
"Mick x the 
@MercedesAMG
 GT 63 PRO Motorsport Collectors Edition x Singapore",2024-09-25,0,0,0
"What's the best mood-setter? Let us know in the comments! theautofocus (IG) for #MBphotopass via 
@MercedesBenzUSA
#MercedesBenz",2024-09-26,0,0,0
"With its advanced electric drive concept and shiftable low-range transmissions, the electric G-Class has unique driving characteristics, such as the intelligent off-road crawl function*. More: http://mb4.me/ElectricGClass#MercedesBenz#ElectricGClass [Mercedes-Benz G 580 mit EQ",2024-09-26,0,0,0
"The star has always been built around your safety. That’s why we dedicated many years to innovations like ABS™, ESP™, Active Brake Assist and we also conducted the world’s first crash test including two Electric Vehicles. Together with the Fraunhofer-Institute for High-Speed",2024-09-25,0,0,0
"Simply pulling into your driveway with the #EQE SUV is an event on its own. And yes, your neighbours will have questions when the three-pointed star is suddenly on your driveway. luc.lens for (IG) #MBcreator#MercedesBenz#Electric#SUV",2024-09-24,0,0,0
Immerse yourself in the pleasure of driving. #MercedesBenz#EQE,2024-09-23,0,0,0
Take a guess – think you know it? We'll reveal the correct answer next week! Where are all #MercedesBenz cabriolets being manufactured?,2024-09-23,0,0,0
"Where legacy meets art: 
@rogerfederer
 and Mercedes-Benz celebrated the opening of a stunning new court in Berlin, designed by RommyGon. A new place for kids to start with tennis. #MercedesBenz#EQB#NeonLegacy#GivingBack",2024-09-20,0,0,0
"Business trips can be stressful. So we are curious and would like to know: If you had to choose between the following features for long business trips, which one would you find most important?",2024-09-20,0,0,0
"Committed to Openness: Our Free Open Source Software (FOSS) Manifesto is a set of guidelines that ensures responsible and effective use of open source within our organization, similar to AI guidelines. It also enables our engineers to really do Open Source. FOSS is built on",2024-09-19,0,0,0
"Hi Mercedes-AMG GT 63 PRO Motorsports Collectors Edition! #MercedesBenz#MercedesAMG
@MercedesAMG
 [Mercedes-AMG GT 63 PRO 4MATIC+ „Motorsport Collectors Edition“ (Energieverbrauch kombiniert: 14,0 l/100 km | CO₂-Emissionen kombiniert: 319 g/km | CO₂-Klasse: G)",2024-09-18,0,0,0
"Rolling through the ages with our iconic wheels: 1970s: The “Baroque wheels” characterised the period. 1980s: Full-surface wheels were used across all model series, including the 190 E 2.3‑16. 1990s: A highlight is the “EVO II” star-design wheel. More: http://mb4.me/Wheel-Design",2024-09-18,0,0,0
"Quality put to the test: To ensure your quality standards, we expose our vehicles to conditions beyond nature. Learn more: http://mb4.me/Because-it-is-MB…#MercedesBenz",2024-09-17,0,0,0
"Once a Mercedes driver, always a Mercedes driver Remembering Sir Stirling Moss on what would have been his 95th birthday",2024-09-17,0,0,0
"The #EClass has always been about what matters most: you. It adapts to your habits and suggests routines automatically. Follow the story of 
@antoniobanderas
 driving the E-Class of his daughter Stella Banderas and you’ll see for yourself: Knows your day. Drives your way.",2024-09-17,0,0,0
Will Lewis. Reunited in Baku,2024-09-14,0,0,0
"An icon on the streets of NYC: The Mercedes-Benz G-Class. frvnce (IG) #MercedesBenz#GClass This vehicle indicates specifications, that are not available in certain markets.",2024-09-16,0,0,0
"In keeping with the brand philosophy, the Mercedes-Maybach SL offers a holistic sensory experience. The contours of the brand-specific, chrome-finished radiator grille are illuminated, as is the finely integrated MAYBACH lettering. More: https://mb4.me/Maybach-SL#MercedesBenz",2024-09-16,0,0,0
"Stately yet understated always makes a statement. So, where to first, boss? tomaszkret (IG) for #MBcreator#MercedesMaybach#SClass",2024-09-12,0,0,0
Would you have known these facts about our plant in Sindelfingen? We have been setting standards in our industry for years. #MercedesBenz,2024-09-12,0,0,0
"This year, Mercedes-AMG is celebrating 130 years of motorsport by launching the new Mercedes-AMG GT3 Edition 130Y Motorsport. More: https://mb4.me/GT3_130Y_Motorsport…#MercedesBenz#MercedesAMG#GT3
@MercedesAMG",2024-09-11,0,0,0
What was one of the greatest moments at this year’s Pebble Beach? We had the honour of leading the Tour d’Elegance with: ● a C 111-II from 1970 ● the Targa Florio racing car from 1924 ● and a new Mercedes-AMG GT 63 4MATIC+. More: https://mb4.me/Pebble_Beach_Recap…#MercedesBenz,2024-09-11,0,0,0
"Sporty, stylish, shark nose-inspired front. danielvisions (IG) for #MBcreator#MercedesBenz#Cabriolet#CLE [Mercedes-Benz CLE 450 4MATIC Cabriolet | Energieverbrauch kombiniert: 8,4‒7,9 l/100 km | CO₂-Emissionen kombiniert: 192‒181 g/km | CO₂-Klasse: G]",2024-09-10,0,0,0
What's your favourite feature of the Mercedes-Benz SLS AMG? ryanfriedmanmotorcars on Instagram #MercedesAMG#MyAMG#AMGThrill#AMGClassics,2024-09-08,0,0,0
"This Mercedes-AMG #GLC looks stunning everywhere. What would be your favourite spot to go with the GLC? dcmno (IG) #MercedesBenz
@MercedesAMG",2024-09-09,0,0,0
"The seamless relationship between our VISION EQXX and the driver is facilitated by the highly efficient, intuitive and visually stunning one-piece display. More: http://mb4.me/VISIONEQXX_Interior…#MercedesBenz#VISIONEQXX",2024-09-09,0,0,0
"Today, six months after #InternationalWomensDay – we continue to give the stage to remarkable women like Alexandra Strassburger. #BeOneOfMany.",2024-09-08,0,0,0
"Champions don’t just get from A to B. They move through life with confidence, push boundaries, and inspire the world. Let’s celebrate them. That’s why we offer a range of #DrivingAids to fit individual needs of people with disabilities, empowering you to move through life on your",2024-09-07,0,0,0
The history of #MercedesBenz wheels: 1886: Carl Benz created his patented motor car with wire-spoke wheels. 1920s-1930s: Filigree wire wheels were popular in racing. 1950: Hubcaps and perforated trim rings were added as a new design element. More: http://mb4.me/Wheel-Design,2024-09-06,0,0,0
"Sustainable and efficient – repurposed batteries are used for balancing renewable energy and energy consumption. Even after their life in vehicles, batteries offer significant potential for repurposing. Mercedes-Benz Energy gives vehicle batteries a second life in stationary",2024-09-06,0,0,0
Being big doesn’t mean we don’t care about the little things. So enjoy this beautiful Mercedes-AMG G-Class. lifeof_ronja (IG) for #MBcreator#MercedesAMG#GClass,2024-09-05,0,0,0
The Mercedes-Benz Vision One-Eleven is powerfully evocative of the C 111. Take a closer look and you’ll see that both cars share two strikingly similar features: the flush-fit gullwing doors and the bright orange paintwork. More: https://mb4.me/Vision-111#MercedesBenz,2024-09-05,0,0,0
"At Mercedes-Benz, innovation drives us. Our experts have been optimizing the aerodynamics of new vehicle models for decades. With the ""large wind tunnels"" at our Stuttgart-Untertürkheim and Sindelfingen plant and our advanced development techniques, we're not just testing",2024-09-04,0,0,0
What increases the overall performance of the Mercedes-AMG GT 63 PRO 4MATIC+? The aerodynamic fine-tuning and enhanced cooling contribute to increased driving dynamics and faster times on the circuit. More: https://mb4.me/AMG_GT63PRO#MercedesBenz#MercedesAMG#GT63PRO,2024-09-04,0,0,0
"Say hello to the ultimate partner in drive – the intuitive E-Class.​ Thanks to its adaptive technology, it’ll memorise your ideal temperature, most-visited destinations, lighting preferences, even the cheesy pop playlist you love. All you have to do is drive.​ For a",2024-09-03,0,0,0
"Which of the following features is part of the extensive standard equipment on the Mercedes-AMG CLE 53 4MATIC+ Cabriolet? #MercedesBenz#MercedesAMG#CLE [Mercedes-AMG CLE 53 4MATIC+ Cabriolet | Energieverbrauch kombiniert: 9,8‒9,3 l/100 km | CO₂-Emissionen kombiniert: 223‒213",2024-09-03,0,0,0
Spotlight on the #MercedesBenz#CLE Cabriolet. An insane sunrise location for the intro of the YouTube video we shot for the Mercedes-Benz channel! Make sure to check out the video: http://mb4.me/Here-is-the-key-1… [Mercedes-Benz CLE 450 4MATIC Cabriolet | Energieverbrauch,2024-09-02,0,0,0
Our EQB SUV is the perfect entry model for going all electric with a range up to 535 km. Check it out and join us in our mission to enhance mobility. Tomorrow drives Mercedes-Benz. #MercedesBenz#Sustainability,2024-09-02,0,0,0
Our 2025 F1 driver line-up confirmed Kimi Antonelli will race alongside George Russell next season,2024-08-31,0,0,0
The perfect balance of style and performance inside out. mxhd.10 (IG) for #MBfanphoto#MercedesBenz#SClass,2024-08-30,0,0,0
The road to electric will be a smooth one. gs_gijs (IG) for #MBcreator#MercedesBenz#EQE,2024-08-29,0,0,0
Uncompromising engineering. Maximum performance. The most powerful evolution of the #AMGGT3: The new Mercedes-AMG GT3 Edition 130Y Motorsport. #DefiningMotorsport#since1894#WorldsFastestFamily#WeLivePerformance#MercedesAMG #AMG,2024-08-29,0,0,0
"Experience the timeless beauty of the G-Class with designer Tobias 
@vanschneider
 at the wheel. His journey from Europe to NYC is one you don’t want to miss. For the full story in the Mercedes-Benz Magazine: http://mb4.me/MB-Magazin-01-2024… frvnce (IG) #MercedesBenz#GClass",2024-08-29,0,0,0
"We developed a fragrance system that diffuses the scent discreetly into the cabin and operates on a five minutes cycle as the nose “forgets” a constant scent. We offer 20 individual fragrances, adapted to suit different tastes. For all your senses. http://mb4.me/Because-it-is-Mercedes-Benz…",2024-08-28,0,0,0
The overarching goal of the circular economy: keep as much as possible of raw materials used in circulation. That’s why we want to increase the share of recycled materials in our vehicle fleet by 40% by 2030. Tomorrow drives #MercedesBenz. http://mb4.me/tdmb#Circularity,2024-08-28,0,0,0
"#ESLR1 - That was Esports World Cup 2024 and with that the 
@esl_r1
 2024 Spring Season Driver and Team Championship! GG to our Mercedes-AMG Esports Teams 
@WilliamsEsports
 and 
@apexracingteam
! #AMGEsports#WeLivePerformance#WorldsFastestFamily#MercedesAMGMotorsport",2024-08-26,0,0,0
"It's not just a car, it's a masterpiece - discover the meticulous craftsmanship. #MercedesBenz#AMGGT",2024-08-27,0,0,0
"Unleashing the new Mercedes-Maybach SL Monogram Series, the sportiest model in the Maybach brand’s history. Highlights include the new two-tone paint finish, a noise-optimised exhaust system, plus an extensive insulation and absorption package. More: https://mb4.me/Maybach-SL",2024-08-27,0,0,0
Every journey is better with a friend who always has your back (seat) On Instagram: http://c.j.n.photography spjeweler carshowcasing vancitysupercars #MercedesAMG#InternationalDogDay#MyAMG#AMGClassics,2024-08-26,0,0,0
"Taking the next: Together with the Fraunhofer-Institute for High-Speed Dynamics, we conducted the first X-ray during a crash test – allowing us to analyse how hidden components behave under impact. Because it’s Mercedes-Benz. http://mb4.me/Because-it-is-MB…#MercedesBenz#Safety",2024-08-26,0,0,0
Partners in drive Because some things are just better with a dog by your side. Celebrating our four-legged friends today. nikofrielitz (IG) for #MBcreator#MercedesBenz#WorldDogDay,2024-08-26,0,0,0
"We can’t be the only ones who get excited as soon as they see the glistening blue sea, or the mountain tops for that matter. What is your favourite destination? Les us know in the comments #MercedesBenz#MercedesAMG#EClass#CLE",2024-08-23,0,0,0
"Welcome to arctic cold and desert heat. At least that's how it feels in our climatic wind tunnel, where we test our vehicles at temperatures between -40°C and +60°C. Because it’s Mercedes-Benz. Learn more here: http://mb4.me/Because-it-is-Mercedes-Benz…",2024-08-23,0,0,0
"#since1894, we live and breathe a winning DNA. At the Pebble Beach Automotive Week, we celebrated 130 Years of Mercedes-Benz Motorsport. #WeLivePerformance#WorldsFastestFamily#AMG#AMGGT3",2024-08-21,0,0,0
"True Mercedes-AMG spirit. kenozache (IG) for #MBcreator#MercedesAMG#GT
@MercedesAMG",2024-08-22,0,0,0
The advanced drive concept and shiftable transmissions of the electric G-Class enable unique driving characteristics. G-STEERING* is one example and it can significantly reduce the vehicle’s turning circle when driving off-road or on loose surfaces. More: https://mb4.me/ElectricGClass,2024-08-22,0,0,0
"#MercedesBenz announces a new partnership with 
@Boosteroid_main
 – the largest global independent cloud-gaming platform. The app will be available next year as part of the MBUX Entertainment Package Plus for cars equipped with third-generation MBUX.",2024-08-21,0,0,0
"Mercedes-Benz is taking its next step towards a future of immersive in-car gaming. Visitors can test out the new gaming experience with selected titles in a Mercedes-Benz E-Class at the booth of long-time Mercedes-Benz esports partner, 
@SKGaming
.",2024-08-21,0,0,0
"Two icons join forces: The AIG Women's Open and Mercedes-Benz celebrate their partnership at the legendary Home of Golf in St Andrews. #AIGWomensOpen#MercedesBenz
@AIGWomensOpen",2024-08-20,0,0,0
"Between Pebble Beach Concours palm trees, rocky hills and ocean breezes, the only thing you need is a timeless ride. Bonus points if it’s the iconic C 111. #MercedesBenz#PebbleBeachConcours#MBclassic",2024-08-20,0,0,0
Celebrating a historic milestone. We proudly unveiled our new @mercedesamg GT3 Edition 130Y Motorsport last night at Pebble Beach Automotive Week.,2024-08-18,0,0,0
Breaking boundaries and honoring 138 years of automotive history with Aaron Paul at the 73rd Pebble Beach Concours d’Elegance. #MercedesBenz#PebbleBeach#ConcoursdElegance#300SEL,2024-08-18,0,0,0
"It’s a Mercedes-Maybach summer and we’re all living in it. Paying special tribute to its roots, the all-new Mercedes-Maybach SL Monogram Series premieres a subtle design element that’s bound to become a classic: the Mercedes-Maybach pattern appearing throughout the vehicle from",2024-08-19,0,0,0
Did you also feel that shift in the coastal breeze? It can only mean one thing: The Pebble Beach Concours was in full force Equipped with iconic cars like our Maybach Zeppelin we seized the occasion to celebrate over a century of our brand history.,2024-08-19,0,0,0
This is where drop-top dreams begin. The all-new Mercedes-Maybach SL Monogram Series announces its arrival in timeless style with an illuminated grille and upright Mercedes star on the bonnet. #MercedesBenz#MercedesMaybach#SL [Mercedes‑Maybach SL 680 Monogram Series |,2024-08-18,0,0,0
"Calling all adventurers, pioneers, and nostalgic connoisseurs. There’s a perfect match for each of you at Pebble Beach Concours Choose your ride and comment below. #MercedesBenz#PebbleBeachConcours#MBclassic",2024-08-17,0,0,0
"The new Mercedes-Maybach SL Monogram Series – made to be the at the centre of attention. Not only does it offer the ultimate open-air motoring experience, it’s also a head-turner! #MercedesMaybach#MaybachSL [Mercedes‑Maybach SL 680 Monogram Series | vorläufige Angaben* |",2024-08-17,0,0,0
"The new Mercedes-Maybach SL Monogram Series is the brand's first open-top two-seater. [Mercedes‑Maybach SL 680 Monogram Series | vorläufige Angaben | Energieverbrauch kombiniert 13,7 l/100 km | CO₂-Emissionen kombiniert: 312 g/km | CO₂-Klasse: G]",2024-08-17,0,0,0
"Who said you can’t be mesmerisingly sporty, elegant and summer-ready at the same time? A new star on the horizon will challenge notions of what an open-top two-seater can be. Coming soon. #MercedesBenz#MercedesMaybach",2024-08-16,0,0,0
Making history and honoring it all at once.   #MercedesBenz#PebbleBeach#MontereyCarWeek,2024-08-16,0,0,0
"The new Mercedes-AMG #CLE 53 4MATIC+ Cabriolet is the second open-top model from #MercedesAMG. With its extensive standard equipment, spacious interior and comfort features, the four-seater is tailor-made for year-round driving. More: http://mb4.me/AMG-CLE-53-Cabrio…#MercedesBenz",2024-08-16,0,0,0
A Mercedes-Maybach unlike any other is on the way. #MercedesBenz#MercedesMaybach,2024-08-15,0,0,0
#F1 – Who would you like to join for a ride? #WeLivePerformance#WorldsFastestFamily,2024-08-15,0,0,0
"130 years ago, the innovative Benz Motor-Velocipede with its lightweight construction marked a turning point for the automobile industry: The model was the first series-production passenger car in history. More: http://mb4.me/BenzMotorVelocipede…#MercedesBenz#MBclassic",2024-08-15,0,0,0
"The interior design of the Mercedes-Maybach EQS SUV is based on one simple credo: “What is good must also be beautiful”! More: http://mb4.me/MaybachEQSSUVInside… [Mercedes-Maybach EQS 680 SUV | Energieverbrauch kombiniert: 24,1‒22 kWh/100 km | CO₂-Emissionen kombiniert: 0 g/km |",2024-08-14,0,0,0
"Our new Mercedes-Benz Magazine. With a new name and an updated look. Join us on a road trip through Yucatán in the GLB, a city tour of Mumbai in the EQS and a visit to Brooklyn with Tobias van Schneider and his G-Class. Get your free copy: http://mb4.me/MB-Magazin-01-2024…#MercedesBenz",2024-08-14,0,0,0
"Hitting the road towards a more sustainable future? Then count on our #EQSSUV, with a range of up to 719 km and built with more sustainably sourced materials. Tomorrow drives Mercedes-Benz. #MercedesBenz#Sustainability",2024-08-13,0,0,0
"The G-Class is and remains the GELÄNDEWAGEN: Whether all-electric or electrified, you choose whatever you prefer. #MercedesBenz#GClass [Mercedes-Benz G 580 mit EQ Technologie | Energieverbrauch kombiniert: 30,3‒27,7 kWh/100 km | CO₂-Emissionen kombiniert: 0 g/km |",2024-08-13,0,0,0
130 Years of Mercedes-Benz in motorsport You can only take one for a spin. Which one you choosing...,2024-08-11,0,0,0
Becoming… a Game Changer – Maybelle is an environmental engineer in our Research & Development department. In her job she aligns our company guidelines with evolving legal requirements. One of the many aspects she values the most is working with a highly motivated team and,2024-08-12,0,0,0
"Like a beautiful pair of handmade shoes or some sharp sneakers complete any outfit, a cars’ wheels are what influences the aesthetics of its appearance. With the perfect balance between functionality and design, they refine and define the character of every Mercedes-Benz and",2024-08-12,0,0,0
Rich in expressiveness from every angle. tomklockerphoto (IG) for #MBcreator#MercedesBenz#MercedesAMG,2024-08-09,0,0,0
"A very special centenary Join 
@frederik_vesti
 as he gets to grips with the legendary Targa Florio-winning Mercedes from 1924 Click below to read the epic story of the car's success in the race 100 years ago...",2024-08-08,0,0,0
"The newly updated #EQS proves. Thanks to a more innovative and sustainable material mix, combined with more battery capacity, with up to 821 km on a single charge, you don’t have to sacrifice performance for sustainability. Tomorrow drives Mercedes-Benz. #MercedesBenz",2024-08-08,0,0,0
Discover an entirely new level of digital luxury with the software-driven user interface/user experience (UI/UX) approach on our VISION EQXX. More: http://mb4.me/VISION-EQXX-UI-UX-Design…#MercedesBenz#VISIONEQXX,2024-08-08,0,0,0
Think you know everything about our 2024 season so far? Time to put your knowledge to the test with our bumper summer break team quiz - let us know how you do below!,2024-08-07,0,0,0
"A fun family trip with the E-Class All-Terrain: Check out these pictures from the current Mercedes-Benz Magazine, featuring products from the Mercedes-Benz shop. Full story: https://mb.mb4.me/Family-Fun jessica_sidenros (IG) #MercedesBenz#EClass",2024-08-07,0,0,0
"Do you remember when we polled you about what kind of drive system of the #MercedesAMG#GT 43 Coupé gives it its dynamic handling capabilities? And the answer is the rear-wheel drive. More: http://mb4.me/MercedesAMG-GT-43… [Mercedes-AMG GT 43 | Energieverbrauch kombiniert: 10,3 l/100",2024-08-07,0,0,0
The best Mercedes moment of 2024 so far...,2024-08-06,0,0,0
Dress code: cobblestone chic. pslomoto on Instagram #MercedesAMG#AMGThrill#MyAMG#AMGClassics,2024-08-05,0,0,0
"While the sun is sinking in the distance, the road will guide you home. #MercedesBenz#MercedesAMG#GClass This vehicle indicates specifications, that are not available in certain markets.",2024-08-06,0,0,0
Collecting memories in the roadster. Share your AMG road trip adventures with us using the hashtag #MyAMG simonluckhoff on Instagram #MercedesAMG#AMGThrill#AMGClassics,2024-08-04,0,0,0
"Performance that once discovered, you will never want to try anything else. david.stegmaier (IG) for #MBcreator#MercedesAMG",2024-08-05,0,0,0
"70 years ago, the stage was set at the International Motor Sports Show in New York for a moment that changed the automotive landscape forever: the 300 SL “Gullwing” super sports car (W 198) thrilled the public. More: http://mb4.me/70-years-300-SL#MercedesBenz#MBclassic#SL",2024-08-05,0,0,0
Elegance and maximum comfort combined with the greatest attention to detail – The EQE SUV. lucs.lens (IG) for #MBcreator#MercedesBenz,2024-08-02,0,0,0
"Discover the magic of road trips with the #CLE, where the open road awaits you. lifeof_ronja (IG) for #MBcreator#MercedesBenz",2024-08-02,0,0,0
